COMMENT_ID,AUTHOR,DATE,CONTENT,TYPE
LZQPQhLyRh80UYxNuaDWhIGQYNQ96IuCg-AYWqNPjpU,Julius NM,2013-11-07 6:20:48,"ูุฑุญุจูุงุ ุฃูุง ูุฏูุฑ ุชูุธูู ูู ุฃูุงุฒูู ููุจุญุซ ุญุงูููุง ุนู 80 ููุธููุง ุนุจุฑ ุงูุฅูุชุฑูุช ุจุฏูุงู ุฌุฒุฆูุ ุจุงูุนูู ูู ุงูููุฒู ุจุงุณุชุฎุฏุงู ุงููุงุชู ุงููุญูููุ ููููู ุจุณูููุฉ ูุณุจ 1000 ุฅูู 3000 ุฌููู ูุตุฑู ูู ุงููููุ ููุชู ุฏูุน ุงูุฑุงุชุจ ูู ููุณ ุงูููู.. ููุงู ุงูุนูู ุจุณูุทุฉ ููููู ุงูููุงู ุจูุง ูู ุฃู ููุงูุ ูุฑุฌู ุงูุงุชุตุงู ุจูุง ุนุจุฑ ุงูุถุบุท ุนูู ุงูุฑุงุจุท ""ุฑุงุจุท ุชููุฌุฑุงู""ุ ูุงูุงุชุตุงู ุจูุง ""ุฑุงุจุท ูุฌููู"".. ููุงุญุธุฉ ูุฌุจ ุฃูุง ููู ุนูุฑ ุงููุชูุฏููู ุนู 20 ุนุงููุงุ ููุง ูููู ููุทูุงุจ ุงููุดุงุฑูุฉ",1
LZQPQhLyRh80UYxNuaDWhIGQYNQ96IuCg-AYWqNPjpU,adam riyati,2013-11-07 12:37:15,ูุฑุญุจูุงุ ุฃูุง ูุฏูุฑ ุชูุธูู ูู ููููุฏุงู ููุจุญุซ ุญุงูููุง ุนู ููุธููุง ุนุจุฑ ุงูุฅูุชุฑูุช ,1
LZQPQhLyRh80UYxNuaDWhIGQYNQ96IuCg-AYWqNPjpU,Evgeny Murashkin,2013-11-08 17:34:21,ุชุงุจุน ููุงุชู ุงูุงู ูุงุญุตู ุนูู ุฎุตู ุนูู ุงูููุชุฌุงุช,1
LZQPQhLyRh80UYxNuaDWhIGQYNQ96IuCg-AYWqNPjpU,ElNino Melendez,2013-11-09 8:28:43,ููููู ุงูุงู ูุชุงุจุนู ูุจุงุฑุงุฉ ูุตุฑ ูุงูุฌุฒุงุฆุฑ ุนูู ุงูุฑุงุจุท ุงูุชุงูู:,1
LZQPQhLyRh80UYxNuaDWhIGQYNQ96IuCg-AYWqNPjpU,GsMega,2013-11-10 16:05:38,ุงุฏุฎู ุนูู ุงูุจุซ ุงููุจุงุดุฑ ุงูุงู๐๐,1
LZQPQhLyRh80UYxNuaDWhIGQYNQ96IuCg-AYWqNPjpU,Jason Haddad,2013-11-26 2:55:11,ููุญุตูู ุนูู ุงูููู ูุฌุงูุง ุงุถุบุท ุนูู ุงูุฑุงุจุท ุงูุชุงูู ุงูุงู,1
LZQPQhLyRh80UYxNuaDWhIGQYNQ96IuCg-AYWqNPjpU,ferleck ferles,2013-11-27 21:39:24,ุงุญุตู ุงูุงู ุนูู ููุชุฌ ุฑุงุฆุน ูุจุณุนุฑ ุงุฑุฎุต ูู ุฎูุงู ูููุนูุง ุงูุชุงูู :,1
LZQPQhLyRh80UYxNuaDWhIGQYNQ96IuCg-AYWqNPjpU,Bob Kanowski,2013-11-28 12:33:27,"ู ุงูุง ุงููู ุงูุฌููุจ ุงูุฃูููู ูุงุณุญู ุจูุฑุงูุชู ุงูุงุฑุถ ูููููู ๐ค๐ป๐คฆ๐ผโโ๏ธ๐คฆ๐ผโโ๏ธ๐คฆ๐ผโโ๏ธ๐คฆ๐ผโโ๏ธ๐คฆ๐ผโโ๏ธ
",0
LZQPQhLyRh80UYxNuaDWhIGQYNQ96IuCg-AYWqNPjpU,Cony,2013-11-28 16:01:47,ููุชุฌ ุฑุงุฆุน ููููุฏ ููููู ุงูุญุตูู ุนููู ุงูุงู ุณุงุฑุน ุจุงูุญุตูู ุนููู,1
LZQPQhLyRh80UYxNuaDWhIGQYNQ96IuCg-AYWqNPjpU,BeBe Burkey,2013-11-28 16:30:13,ุชุงุจุนูู ุงูุงู ูู ูุถูู ูุญุชูู ุฑุงุฆุน,1
LZQPQhLyRh80UYxNuaDWhIGQYNQ96IuCg-AYWqNPjpU,Huckyduck,2013-11-28 17:06:17,ุงููุง ุจู ุงูุง ุฑุฆูุณ ุดุฑูู ูุงูุฏููุงูุฏุฒ ููุฑูุฏู ูู ุนูู ูุจูุบ ูููุชู ุงููุซูุฑ ุงูุฑุฌุงุก ุงูุงุณุฑุงุน ูุงูุชูุงุซู ุนูู ุงูุฑูู ุงูุชุงูู:1231141452,1
LZQPQhLyRh80UYxNuaDWhIGQYNQ96IuCg-AYWqNPjpU,Lone Twistt,2013-11-28 17:34:55,ุงุฏุฎู ุงูุณุญุจ ุงูุงู ูุชููุฒ ุจุงููุซูุฑ ูู ุงูุฌูุงุฆุฒ ูุงููุฏุงูุง ุนู ุทุฑูู ุงูุฑุงุจุท ุงูุชุงูู,1
LZQPQhLyRh80UYxNuaDWhIGQYNQ96IuCg-AYWqNPjpU,Archie Lewis,2013-11-28 17:54:39,ุดุงูุฏ ุงูุงู ูุจุงุฑุงู ุฑูุงู ูุฏุฑูุฏ ููููุฑุจูู ุนูู ุงูุจุซ ุงููุจุงุดุฑ ุนูู ููุงุชู ูู ุฎูุงู ุงูุฑุงุจุท ุงูุชุงูู:,1
LZQPQhLyRh80UYxNuaDWhIGQYNQ96IuCg-AYWqNPjpU,TheUploadaddict,2013-11-28 18:12:12,ุงููุง  ูุงู ุญุงูู ุงูุณ ุงุณูุง ูู ุงูุงู ูููู ุจูุถู ููุชุฌ  ูุนูุงุฌ ุงูุงูุงู ุงูููุณูู ููุดุฑูู ูุงุฑููุง ุงูุง ุงูุงู ุจุญุงู ุงูุถู ููููู ุดุฑุงุคู ุงูุงู ูู ุงููุชุฌุฑ ูู ุฎูุงู:,1
LZQPQhLyRh80UYxNuaDWhIGQYNQ96IuCg-AYWqNPjpU,Francisco Nora,2013-11-28 19:52:35,ุงูุชูุช ุจุทุงูุชู ุงูุงุชูุงููู ููููู ุงูุชุญุฏูุซ ุงูุงู ูู ุฎูุงู ุงูุฑุงุจุท ุงูุชุงูู:,1
LZQPQhLyRh80UYxNuaDWhIGQYNQ96IuCg-AYWqNPjpU,Gaming and Stuff PRO,2013-11-28 21:14:13,ููููู ุงูุฏุฎูู ุงูู ูููุนู ุงูุฎุงุต ุงูุงู ูุงูุงุดุชุฑุงู ุจูุฐุง ุงููุญุชูู ุงูุฑุงุฆุน,1
LZQPQhLyRh80UYxNuaDWhIGQYNQ96IuCg-AYWqNPjpU,Zielimeek21,2013-11-28 21:49:00,ููุดูุฑ ุนููู ู ูููุฏ ุฏูุช ูุจุฏุนุง ุตุฏููู ๐๐ฅ,0
LZQPQhLyRh80UYxNuaDWhIGQYNQ96IuCg-AYWqNPjpU,OutrightIgnite,2013-11-28 21:55:02,ุงุฑุฌูู ุงุฏุฎู ุงูู ููุงุชู ููุง ุชูุณู ุงูุงุนุฌุงุจ ูุงููุดุงุฑูุฉ,1
LZQPQhLyRh80UYxNuaDWhIGQYNQ96IuCg-AYWqNPjpU,Tony K Frazier,2013-11-28 23:57:13,ุณูุบุถุจ ุนููู ุงููู ุงู ูู ุชุฏุฎู ููุงุชู ูุชุฑู ุงููุฒูุฏ ูู ุงูููุฏูููุงุช,1
LZQPQhLyRh80UYxNuaDWhIGQYNQ96IuCg-AYWqNPjpU,Jose Renteria,2013-11-29 0:22:01,ูุงููู ุงูุนุธูู ุณุงุถุบุท ุนูู ูุฐุง ุงูุฑุงุจุท ูุงุชูุณู ููุฏ ุญููุช,1
LZQPQhLyRh80UYxNuaDWhIGQYNQ96IuCg-AYWqNPjpU,zhichao wang,2013-11-29 2:13:56,ุดูุฑุง ุนูู ูุฐู ุงููุนูููุงุช โค๏ธโค๏ธโค๏ธ,0
LZQPQhLyRh80UYxNuaDWhIGQYNQ96IuCg-AYWqNPjpU,Carlos Thegamer,2013-12-01 1:20:21,ุดุงูุฏ ุงูุงู ูุจู ุงูุญุฐู ุฑุฌู ูุฐูุจ ูุงุดูุง ูู ุฌููุจ ุงูุฑูููุง ุงูู ุงุณุชุงุฏ ุงููุงูุฑุฉ,1
LZQPQhLyRh80UYxNuaDWhIGQYNQ96IuCg-AYWqNPjpU,OutrightIgnite,2013-12-01 3:30:55,ูุตู ุงูุฃู ููุชุฌ ุฑุงุฆุน ูู ุงูุตูู ูุฌุฑูุญ ุงูุงุตุงุจุน ููููู ุดุฑุงุฆู ูู ุฎูุงุงู ุงูุฑุงุจุท ุงูุชุงูู,1
LZQPQhLyRh80UYxNuaDWhIGQYNQ96IuCg-AYWqNPjpU,Owen Lai,2013-12-01 4:51:52,ูุดูุฑู ุฌููุนุงู ูููุฏุณูุง ุนูู ูุฐุง ุงููุญุชูู ุงูุฑุงุฆุน โจ,0
LZQPQhLyRh80UYxNuaDWhIGQYNQ96IuCg-AYWqNPjpU,||GuitarZ||,2013-12-23 12:54:38,ุงุญุฐุฑ ุฌูุงุฒู ูููุก ุจุงูููุฑูุณุงุช ุงุถุบุท ููุง ุงูุงู ูุงุตูุงุญู,1
LZQPQhLyRh80UYxNuaDWhIGQYNQ96IuCg-AYWqNPjpU,Living4Techno,2013-12-25 19:46:26,ุจุซ ูุจุงุดุฑ ุนูู ููุงุฉ ูุชุงููุช ููููู ูุชุงุจุนู ุงูุดูู ุงุณุงูู ูุณุฑู ุงูุงู ูู ุฎูุงู ุงูุฑุงุจุท ุงูุชุงูู,1
LZQPQhLyRh80UYxNuaDWhIGQYNQ96IuCg-AYWqNPjpU,8-BitMusic,2013-12-27 23:07:50,ุงุณุฑุน ูุจู ููุงุฐ ุงููููู ู ูููู ุฑููุจู ูู ุงูููู ุงูุณ ุจุณุนุฑ ุฑุงุฆุน ููููู ุดุฑุงุคู ุงูุงู ูู ูุชุฌุฑูุง ูู ุฎูุงู ุงูุฑุงุจุท ุงูุชุงูู,1
LZQPQhLyRh80UYxNuaDWhIGQYNQ96IuCg-AYWqNPjpU,Kyle Jaber,2014-01-19 0:21:29,ููููู ุงูุงูุงูุฌุงุฏ ูุธููู ุจูู ุณูููู ู ูุณุฑ ูู ุฎูุงู ูุฐุง ุงูุฑุงุจุท: ,1
LZQPQhLyRh80UYxNuaDWhIGQYNQ96IuCg-AYWqNPjpU,Brandon Pryor,2014-01-19 0:36:25,ุฌุฒุงู ุงููู ุฎูุฑ โค๏ธ,0
LZQPQhLyRh80UYxNuaDWhIGQYNQ96IuCg-AYWqNPjpU,Fun&amp;Hacks,2014-01-19 0:42:35,ููุงุดุชุฑุงู ุงูุงู ุจุฎุฏูู ุงูุดูุฎ ุงูุดุนุฑุงูู ููุถุนูุง ุงุชุตู ุนูู:44431341,1
LZQPQhLyRh80UYxNuaDWhIGQYNQ96IuCg-AYWqNPjpU,Young Hittaz,2014-01-19 4:21:11,ุงูุดุฑูู ุงูุงููุงููู ูุงุจุงุฏุฉ ุงูุญุดุฑุงุช ูู ูุถูู ุงุชุตู ุนูู ุงูุฑูู ุงูุชุงูู:3465543,1
LZQPQhLyRh80UYxNuaDWhIGQYNQ96IuCg-AYWqNPjpU,DropShotSk8r,2014-01-19 4:27:18,ุงูุถู ูุงุนุจ ููุงุฑู ูู ุชุงุฑูุฎ ูุฑุฉ ุงููุฏู,0
LZQPQhLyRh80UYxNuaDWhIGQYNQ96IuCg-AYWqNPjpU,ElepticRage,2014-01-19 8:55:53,ูุตูุงูู ุฌููุน ุงูุงุฌูุฒุฉ ุงูููุฑุจุงุฆูู ุงุชุตู ุนูู:6758453,1
LZQPQhLyRh80UYxNuaDWhIGQYNQ96IuCg-AYWqNPjpU,Joengz,2014-01-19 10:31:10,ููุฌุฏ ุงูุงู ูุฏููุง ุงูุตู ุงููุงุน ุงูุนุณู ุงูุดุงูู ูุฌููุน ุงูุฑุงุถ ุงูุฌุณู ูุงูุชุนุงูู ููุดุฑุงุก ุงุฏุฎู ุนูู ุงูุฑุงุจุท ุงูุชุงูู:,1
LZQPQhLyRh80UYxNuaDWhIGQYNQ96IuCg-AYWqNPjpU,Tasha Lucius,2014-01-19 13:25:56,ูุญุจูุจ ูู ูุจู ุงูุฌููุน ูุงูู ููุชุน โค๏ธ,0
LZQPQhLyRh80UYxNuaDWhIGQYNQ96IuCg-AYWqNPjpU,Jason Provencal,2014-01-19 16:15:54,ุฑุจูุงุง ูุฑุญูู ููุฌุนู ูุซูุงู ุงูุฌูู ูุงุฑุจ.. ุฑุงุฌู ุนุธูู,0
LZQPQhLyRh80UYxNuaDWhIGQYNQ96IuCg-AYWqNPjpU,Kiddy Kidso,2014-01-19 16:49:52,ูููู ูุชุงุจุนุฉ๐๐ฅน๐๐ป,1
LZQPQhLyRh80UYxNuaDWhIGQYNQ96IuCg-AYWqNPjpU,HamzaMurt | Advanced Warefare | Lets Play!,2014-01-19 17:20:58,ููุชุญุฏุซ ูุน ููุซููู ุฎุฏูู ุงูุนููุงุก ุงุฑุณู ุจุฑูุฏ ุงููุชุฑููู ุงูู:,1
LZQPQhLyRh80UYxNuaDWhIGQYNQ96IuCg-AYWqNPjpU,ii Trollercopter,2014-01-19 17:25:23,ููุชุณุฌูู ุจุงูุฏูุฑุฉ ุงููุฌุงููู ููุบู ุงูุงูุฌููุฒูู ุงุฏุฎู ุนูู ุงูุฑุงุจุท,1
LZQPQhLyRh80UYxNuaDWhIGQYNQ96IuCg-AYWqNPjpU,Eugene Kalinin,2014-01-19 19:21:04,ุงุฏูุน ุงูุงู ูุง ูุง ููู ุนู ุงูููู ุฌููู ูุตุฑู ูุงุญุตู ุนูู ูุฏูุฉ ุฑูุฒูู ูุฌุงูุง ,1
LZQPQhLyRh80UYxNuaDWhIGQYNQ96IuCg-AYWqNPjpU,Cody Tolleson,2014-01-20 2:50:44,ุงุฑุจุญ ุงูุงู 1000000 ุฌููู ูุตุฑู ูู ุฎูุงู ุงุฑุณุงู ุฑุณุงูู ูุตูู ุนู ุงูุฑูู ุงูุชุงูู,1
LZQPQhLyRh80UYxNuaDWhIGQYNQ96IuCg-AYWqNPjpU,cake cat,2014-01-20 4:45:34,ุงุฑุณู ุงูุฃู ุญูู ุงู ุฏุฑูู ูุฑูู 15715 ููุญุตูู ุนูู 15000 ุฏููุงุฑ ูู ุงูุงุณุจูุน ุงููุงุญุฏ,1
LZQPQhLyRh80UYxNuaDWhIGQYNQ96IuCg-AYWqNPjpU,World327RS,2014-01-20 6:16:28,ุชุญุฏุซ ุงูุงู ุงูู ุนุงููู ุงูุงุจุฑุงุฌ ูุงูููู ุนุจูุฑ ุญููู ูู ุฎูุงู ุงูุงุฑูุงู ุงูุชุงููู,1
LZQPQhLyRh80UYxNuaDWhIGQYNQ96IuCg-AYWqNPjpU,Didier Drogba,2014-01-20 6:57:25,ููุงุดุชุฑุงู ูู ุฎุฏูู ุงูุณุจ ููููู ุฌููู ุงุฑุณู ุฑุณุงูู ูุตูู ุนูู ูุฐุง ุงูุฑูู,1
LZQPQhLyRh80UYxNuaDWhIGQYNQ96IuCg-AYWqNPjpU,MFkin PRXPHETZ,2014-01-20 9:08:39,ูุฌูุจ ุงูุญุจูุจ ูุงูุญุจ ุงุชุตู ุงูุงู ุนูู ุงูุดูุฎุฉ ุฎุฏูุฌุฉ ุงููุบุฑุจูู ูู ุฎูุงู ุงูุงุฑูุงู ุงูุชุงููู,1
LZQPQhLyRh80UYxNuaDWhIGQYNQ96IuCg-AYWqNPjpU,Dave X,2014-01-20 10:12:07,ุงุญุตู ุนูู ุนุฑุถ ุฎุงุต ุงูุงู ุงุชููู ูููุต ุนูููู ูุงุญุฏ ูุฌุงูุง ูู ุฎูุงู ูุชุฌุฑูุง ุงูุงููุชุฑููู,1
LZQPQhLyRh80UYxNuaDWhIGQYNQ96IuCg-AYWqNPjpU,crestpee,2014-01-20 13:03:12,ุงูุญูุฏ ููู ุฏุงุฆูุง ูุงุจุฏุงุงโค๏ธ,0
LZQPQhLyRh80UYxNuaDWhIGQYNQ96IuCg-AYWqNPjpU,Leonardo Baptista,2014-01-20 15:10:27,ูุฏูุน ููุงุชูุฑ ุงูููุฑุจุงุก ูุงูููุงุฉ ุงุฏุฎู ุนูู ุงูุฑุงุจุท ุงูุชุงูู,1
LZQPQhLyRh80UYxNuaDWhIGQYNQ96IuCg-AYWqNPjpU,Phuc Ly,2014-01-20 15:27:47,ูุง ุดุงุก ุงููู ุน ุฌูุงููโค๏ธโค๏ธโค๏ธโค๏ธโค๏ธ,0
LZQPQhLyRh80UYxNuaDWhIGQYNQ96IuCg-AYWqNPjpU,Milan George,2014-01-20 16:15:09,ูุงููุง ูู ุดููุน ุงูุง ุงูุญุจูุจ ุนููู ุงูุตูุงุฉ ู ุงูุณูุงู,0
LZQPQhLyRh80UYxNuaDWhIGQYNQ96IuCg-AYWqNPjpU,Kirsty Brown,2014-01-20 16:41:27,ูู ุชุนูู ุงูู ุงููุบู ุงูุงูุฌููุฒูู ุชุนุชุจุฑ ูุบู ุนุงูููู ููุงุฒู ุชุชุนูููุง ูู ุฎูุงู ุฒูุงุฑุฉ ุงูุฑุงุจุท ุงูุชุงูู:,1
LZQPQhLyRh80UYxNuaDWhIGQYNQ96IuCg-AYWqNPjpU,Kochos,2014-01-20 17:08:37,ูู ูููู ุงูุฌูุนู ุฃูุซุฑู ูููุง ูู ุงูุตูุงุฉ ุนูู ุงูุญุจูุจ ๐คโจ,0
LZQPQhLyRh80UYxNuaDWhIGQYNQ96IuCg-AYWqNPjpU,eSkiip,2014-01-20 17:22:53,ุงูุชุตููู ุฑุณุงูุฉุ ุงุฐุง ูุตูุช ุงูุฑุณุงูุฉ ูุชุตูููู ุฌูุฏ. ุงูุฌูุงู ุดูุก ูุณุจู ู ูุฎุชูู ุญุณุจ ุงุฎุชูุงู ุงูุงุฐูุงู. ุงูุง ุงูุฑุณุงูุฉ ููู ูุงุญุฏุฉ,0
LZQPQhLyRh80UYxNuaDWhIGQYNQ96IuCg-AYWqNPjpU,Wumrogue lite,2014-01-20 17:29:52,ุงูุฑุฆูุณ ุงูุณูุณู ููุฑุฑ ุฑูุน ุงูุญุฏ ุงูุฃุฏูู ูุฃุฌูุฑ ุญุงููู ุงูุฏูุชูุฑุงู ูู 7 ุขูุงู ุฌููู ุดูุฑูุง,1
LZQPQhLyRh80UYxNuaDWhIGQYNQ96IuCg-AYWqNPjpU,Ruddy Tapia,2014-01-20 17:58:46,ุงููุตุฑ ูุฎุทู ููุฒุง ูุงุชูุง ูู ุงูุจุงุทู ูู ุงูุฏูุฑู ุงูุณุนูุฏู.. ููุฏูู,1
LZQPQhLyRh80UYxNuaDWhIGQYNQ96IuCg-AYWqNPjpU,Artsi,2014-01-20 18:52:12,ุฌุฏูู ุชุฑุชูุจ ุงูุฏูุฑู ุงููุตุฑู.. ุงูุฃููู ูุชุตุฏุฑ,1
LZQPQhLyRh80UYxNuaDWhIGQYNQ96IuCg-AYWqNPjpU,ProsGamerOnly,2014-01-20 20:00:55,ุชุงุจุน ูุตุฉ ุงูุฎุงุฏูุฉ ุงูุชู ุงุดุชุฑุช ุงูููุฒู ุงูุฐู ุนููุช ููู,1
LZQPQhLyRh80UYxNuaDWhIGQYNQ96IuCg-AYWqNPjpU,JP Jochem,2014-01-20 20:23:35,ุนูุฏุฉ ุงุฑุชูุงุน ุงูุจูุชููู ููุณุฌู ุฃุฑุจุงุญุง ูุซูุฑุฉ ููู ูุช ุงุณุชุซูุฑ ุจู ุงูุจุงุฑุญุฉ!,1
LZQPQhLyRh80UYxNuaDWhIGQYNQ96IuCg-AYWqNPjpU,Jdidk Loma,2014-01-20 20:35:56,ุงูุชุดู ุฎูุงูุฉ ุฃุฎูู ูู ููุญุฑู ุชุงุจุน ุงูุชูุงุตูู ูู ููุง,1
LZQPQhLyRh80UYxNuaDWhIGQYNQ96IuCg-AYWqNPjpU,BaconBro HD,2014-01-20 21:11:52,ูุงูุฐู ูููุฒ ุงูุชุฏุงูู ุจุงูุจูุชูููู...ุฃูู ุงูุฑุจุญ ุงูุนุงูู ูุงููุถูููุ https://t.co/2pBc7KvKba,1
LZQPQhLyRh80UYxNuaDWhIGQYNQ96IuCg-AYWqNPjpU,Eanna Cusack,2014-01-20 22:20:59,ูุง ุงูุงูู ุงูููุฑุฉ ุงูู ุญุฏ ูุง.. ูุงูู ูู ุชูุตู ุจูู ุงูุฌูุงู ู ุงูุณุชุงูู ุงููุฐู ูุฎุชูู ูู ุดุฎุต ูุขุฎุฑ ู ููุงุนุฏ ุงูุชุตููู,0
LZQPQhLyRh80UYxNuaDWhIGQYNQ96IuCg-AYWqNPjpU,fastestghost,2014-01-21 2:09:22,ุงุชูู ูุนู ุจุทุฑููุฉ ุงูุชูููุฑ ููู ุงูุชุทุจูู ุงูุณุงุฆุฏ ุงู ุชุญุฏูุฏ ุงููููุฉ ูููุดุฑูุน ุนูุฏ ุงุบูุจ ุงูุนููุงุก ูุฃุชู ูู ุชุญุฏูุฏ ุฌูุงููุฉ ุงูุดูู ููุงุณู ุงููุง ูู ุซู ุงููุถููู ู ุงูููุฑุฉ ู ุงููุตุฉ ู ุงูุชุณููู,0
LZQPQhLyRh80UYxNuaDWhIGQYNQ96IuCg-AYWqNPjpU,StuntmanGaming,2014-01-21 2:29:43,ูุน ุงุญุชุฑุงูู ูุฑุฃูู ุงูุง ุงููู ูุง ูุฌุจ ุงู ุชููู ุงูุชุตุงููู ูุจูุญุฉ ู ุชุนูู ุจู ูุฌุจ ุงู ุชููู ุฌูููุฉ ู ุชุนููุ ูุฃู ูู ุงูุบุงูุจ ูุฌุฏ ุงูุฒุจูู ุฃุตูุง ูุง ูุนุฑู ูุงุฐุง ูุฑูุฏ ุจุถุจุท,0
LZQPQhLyRh80UYxNuaDWhIGQYNQ96IuCg-AYWqNPjpU,Master Chief,2014-01-21 3:16:46,ุงูุง ุจุญุจ ููุงู ุญุถุฑุชู ุฌุฏุง ุจุฌุฏ ุงูุง ูุฎูุฑุฉ ุฃู ูู ูุชุจ ููุฑ ุฒู ุฏู ู ูุตุฑ ููุฎูุฑ ุฃูุชุฑ ุฃู ุงูู ุจูุดุฑุญ ุงููุชุงุจ ูุตุฑู,0
LZQPQhLyRh80UYxNuaDWhIGQYNQ96IuCg-AYWqNPjpU,David Bell,2014-01-21 3:18:31,ูู ุงููุน ู ุงูุชุฑ ุงูููุฏูููุงุช ุงููู ุงุณุชูุฏุช ูููุง ูู ุญูุงุชู ุงูุดุฎุตูุฉ .. ูุงูู ูุนููุง ููุช ุจุนุงูู .. ู ุฏู ุณุงุนุฏูู ุนูู ููู ููุณู .. ุงูู ุดูุฑ,0
LZQPQhLyRh80UYxNuaDWhIGQYNQ96IuCg-AYWqNPjpU,virgie natividad,2014-01-21 7:33:30,ุงูู ุงูุญูุงูู ุฏู ุจุฌุฏ ุงูุง ููุฒู ูุฏูู ุตูุชู ูุงุณูุนูุง ูู ููู ุจุงุฐู ุงููู ูุงุฑุชูู ุนุฑูุช ุงุฎุถุฑ ูู ุฒูุงู,0
LZQPQhLyRh80UYxNuaDWhIGQYNQ96IuCg-AYWqNPjpU,asd ad,2014-01-21 8:22:06,ุดูุฑุง ุฌุฒููุง . ููุฎุต ุฌููู ูููููู  ูุตุงุฏู ุนููุงู ุจุญุซู ูู ุงููุงุณุชุฑ,0
LZQPQhLyRh80UYxNuaDWhIGQYNQ96IuCg-AYWqNPjpU,Dymetex,2014-01-21 9:03:36,ุฏู ุงูู ุฎุทูุฉ ููุญุฏูุง ุจุงููุณุจุงูู ูู ุบุงูู ุงูุตุนูุจุฉ ุงูู ูุด ูุงุฏุฑ ุงุนุชุฑู ุจุณุจุจ ุงููุดุงุนุฑ ุฏู,0
LZQPQhLyRh80UYxNuaDWhIGQYNQ96IuCg-AYWqNPjpU,MrTuizentfloot,2014-01-21 13:39:13,ุงุฏุงุก ุฑุงุฆุน ุดูุฑุงุงุงุงุงุง๐,0
LZQPQhLyRh80UYxNuaDWhIGQYNQ96IuCg-AYWqNPjpU,OREOGAM3R,2014-01-25 19:36:25,ุฃู ุดุงุก ุงููู ูุง ุงุจูุฒูุฏ  ุงููุดุฑูุน ุจุชุงุนู ูุดูู ุงูููุฑ..ุฑุจูุง ููููู ูุงุฑุจ ูุดูุฑุง ุนูู ุงูููุฏูููุงุช ุงููู ุจุชุนูููุง ุฏุงููุง,0
LZQPQhLyRh80UYxNuaDWhIGQYNQ96IuCg-AYWqNPjpU,LEONARDO CAETANO,2014-01-27 19:36:00,ูุด ูุชุดุบู ุญุฏูุซู ุงูุชุฎุฑุฌ ุจูุง ูุงุฑูุณ ุนุดุงู ููุจุถ ุฒู ุงููุงุณ ุงููู ููุงู ุฏูุ,0
LZQPQhLyRh80UYxNuaDWhIGQYNQ96IuCg-AYWqNPjpU,fab life,2014-11-02 0:48:57,ุงูุงูุฏุงู ููุง ูู ุญุณุงุจู,1
LZQPQhLyRh80UYxNuaDWhIGQYNQ96IuCg-AYWqNPjpU,Oh 1080s,2014-11-02 1:08:10,"
ุงุฑุจุงุญ ูููุฒุฉ ูู ุงูุจูุชูููู ููุณุชุซูุฑููุง ุงููุญุธูุธูู ุจุงุฑุชูุงุนูุง ุฎูุงู ุณุงุนุงุช ููููุฉ ูู 7250$ุฅูู 7375$ ุงูููู",1
LZQPQhLyRh80UYxNuaDWhIGQYNQ96IuCg-AYWqNPjpU,Ariel Baptista,2014-11-02 5:06:46,"ุชูููุฐ ุงููุตุงุต ูู ูุงุชู ""ุนุจุฏ ุงููู ุงูุฑุดูุฏู"" ุจุงููุตูู https://t.co/lpLk2Jqfvu https://t.co/ugwZJubqi8",1
LZQPQhLyRh80UYxNuaDWhIGQYNQ96IuCg-AYWqNPjpU,Stefano Albanese,2014-11-02 12:04:36,"
ูู ูุงู ุฅุตุฑุงุฑูุง ุฃู ุทููุญูุง ุฃู ุงูุญุธ ูู ุณุงุนุฏูุง ุจุดุฑุงุก ุงูููุฒู ุงูุฐู ูุงูุช ุชุฎุฏู ูููุ https://t.co/JkkRRhgW...",1
LZQPQhLyRh80UYxNuaDWhIGQYNQ96IuCg-AYWqNPjpU,Salim Tayara,2014-11-02 14:33:30,ุชุนุฑู ุจุงูููุฏูู ูุง ูุนูุชู ุฑุฒุงู ุนูุฏูุง ุนููุช ุฃู ุฒูุฌูุง ุฃุฎุฐ ุฃููุงููุง ููุฎูููุง ูุน ุตุฏููุชูุง...... https://t.co/,1
LZQPQhLyRh80UYxNuaDWhIGQYNQ96IuCg-AYWqNPjpU,Lucky D.,2014-11-02 14:53:06,ูู ุญุงู ุงูููุช ููุฌูุก ููููุงุฐ ุงูุขูู ุจุงููุณุจุฉ ููู ุงููุณุชุซูุฑููุ https://t.co/XLSTmllvNA https://t.co/t70b..,1
LZQPQhLyRh80UYxNuaDWhIGQYNQ96IuCg-AYWqNPjpU,Lucas Trigo,2014-11-02 15:52:22,ููู ุณุชุคุซุฑ ุฎุทูุฉ ููุฑูุง ุงูุฌููุจูุฉ ุงูุฅูุฌุงุจูุฉ ุนูู ุงูุนููุงุช ุงูุฑูููุฉุ https://t.co/2pBc7KvKba https://t.co/...,1
LZQPQhLyRh80UYxNuaDWhIGQYNQ96IuCg-AYWqNPjpU,TheHariiiii,2014-11-02 16:17:11,"
ูู ูุฏู ุฑุฌู ุงูุฃุนูุงู ููุฏ ุงูุฑุดูุฏู ุจุนุฏ ุฌุฑููุชู ุงูุดููุนุฉ ุงูุชู ุญุทู ุจูุง ุฃุญูุงูู ูุฃุญูุงู ุนุงุฆูุชูุ https://t.co/tV...",1
LZQPQhLyRh80UYxNuaDWhIGQYNQ96IuCg-AYWqNPjpU,Angel,2014-11-02 17:27:09,ูุฏ ูููู ุงูููุฑ ุณุจุจุงู ูู ุชุนุงุณุฉ ุงููุซูุฑูู....ููู ูุฐู ุงูุฎุงุฏูุฉ ุงุณุชุทุงุนุช ุจุฐูุงุฆูุง ุดุฑุงุก ููุงู ุนูููุง,1
LZQPQhLyRh80UYxNuaDWhIGQYNQ96IuCg-AYWqNPjpU,Squir3,2014-11-02 18:34:03,ูุฏ ูููู ุงูููุฑ ุณุจุจุงู ูู ุชุนุงุณุฉ ุงููุซูุฑูู....ููู ูุฐู ุงูุฎุงุฏูุฉ ุงุณุชุทุงุนุช ุจุฐูุงุฆูุง ุดุฑุงุก ููุงู ุนูููุง,1
LZQPQhLyRh80UYxNuaDWhIGQYNQ96IuCg-AYWqNPjpU,Kaya Roberts,2014-11-02 20:00:37,ุงููุตูุจุฉ ุงูู ุฏู ููู ูููุทุงุน ุงูุนุงู ุจุณ ูููููุด ุณูุทู ุนูู ุงููุทุงุน ุงูุฎุงุต ุญุณุจูุง ุงููู ููุนู ุงููููู ูู ูู ุงููุทุงุนุงุช ุงูุฎุงุตุฉ,0
LZQPQhLyRh80UYxNuaDWhIGQYNQ96IuCg-AYWqNPjpU,Prim N.,2014-11-02 22:48:21,ูุชุฑุญ ุชุฌุฑุจุฉ ูููู ุชุบูุฑ ุญูุงุฉ ุงููุงุญุฏ โฆ ููุฏุฉ ุดูุฑ ูุตุญู ุณุงุนุฉ ุจุฏุฑู ู ููููุน ููุณู ูููุง ุงูุชููููู..ุณุงุนุฉ ููุถููุง ูุน ููุณู โฆ ูููุฑ ู ูุชุฃูู ู ููุชุจ ูู ุญุงุจุจ โฆ ุชุบููุฑ ูกูจู ุฏุฑุฌุฉ ู ุฑุงุญุฉ ุจุงู ู ููุฉ ุชูุชุฑ,0
LZQPQhLyRh80UYxNuaDWhIGQYNQ96IuCg-AYWqNPjpU,James Ridge,2014-11-02 23:25:44,ููุตุฉ ุชุฏุงูู ุฑูููุฉ ุฌุฏูุฏุฉ ุชุณุนู ุฅูู ุงูุชูุงูู ูุน ุงูููุงููู ุงูุฃูุฑูุจูุฉ https://t.co/2pBc7KvKba https://t.c..,1
LZQPQhLyRh80UYxNuaDWhIGQYNQ96IuCg-AYWqNPjpU,Minecraft-Viasat,2014-11-03 14:38:53,ุงูุฌุฑููุฉ ุงูุชู ูุฒุช ุงููุฌุชูุน ุงูุณุนูุฏู...ูุงูุฐู ุฏูุน ููุฏ ููุญุฑ ุฃุฎุงูุ https://t.co/tV1nwCJNju https://t.co/w...,1
LZQPQhLyRh80UYxNuaDWhIGQYNQ96IuCg-AYWqNPjpU,Alessio Siri,2014-11-03 16:43:36,ูู ุณูุจู ุงูุฃุฑุถ ูุง ุชูู ุฃูุงู ุฎูุฑู ุฃุฑุงุฏูู ุงููู ูู,0
LZQPQhLyRh80UYxNuaDWhIGQYNQ96IuCg-AYWqNPjpU,Backup Plus,2014-11-03 17:39:07,ุงุดุชุฑู ุงูุงู ูู ุงููุตุญู ุงููุฌูุฏ ูู ุจุชูุฒูู ุงูุจุฑูุงูุฌ ุงูุงู ูู ุนูู ุงููุชุฌุฑ ูู ุฎูุงู ุงูุฑุงุจุท,1
LZQPQhLyRh80UYxNuaDWhIGQYNQ96IuCg-AYWqNPjpU,Almighty Toffeebomb,2014-11-03 19:09:40,ุฌุงูุฏ ูุฏุง ูุฏุง ุฑููุง ูุญูุธู ูุงุฑุจ ูููููู ูุชุญูู ูู ุงูู ุจุชุชููุงู ุงู ุดุงุก ุงูู,0
LZQPQhLyRh80UYxNuaDWhIGQYNQ96IuCg-AYWqNPjpU,Meth Lover,2014-11-03 20:32:26,ุฑุฌุงุก ุงูุดุฑ ุฐูู ุงููุญุชูู ุงูุชุนูููู ููู ุงูุงุฌุฑ ูุงูุซูุงุจ ,1
LZQPQhLyRh80UYxNuaDWhIGQYNQ96IuCg-AYWqNPjpU,NstyIC Gold,2014-11-03 20:41:23,ุญุจูุจ ููุจู,0
LZQPQhLyRh80UYxNuaDWhIGQYNQ96IuCg-AYWqNPjpU,ะะธะบะธัะฐ ะะตะทััะพะฒ,2014-11-03 21:38:17,*****ุงุฏุฎู ุงูุงู ูุงุณุชูุชุน ุจุฑุตูุฏ ูุฌุงูู******,1
LZQPQhLyRh80UYxNuaDWhIGQYNQ96IuCg-AYWqNPjpU,ะะธัะฐะธะป ะะฐะฝะบัะฐัะพะฒ,2014-11-03 22:22:14,ุงุญุฌุฒ ุบุฑูุชู ุงูุงู ุจููุฏู ูู ุงุญูู ุงูููุงุฏู ุนูู ุงูููู ุนู ุทุฑูู ุงูุฑุงุจุท ุงูุชุงูู,1
LZQPQhLyRh80UYxNuaDWhIGQYNQ96IuCg-AYWqNPjpU,Angek95,2014-11-03 22:28:56,ุฑุญูุฉ ุงูู ุงูุนูู ุงูุณุฎูู ุจูุตุงุฑูู ุจุณูุทู ูุจุงูุชูุณูุท ุงููุฑูุญ ุงุดุชุฑู ุงูุงู!,1
LZQPQhLyRh80UYxNuaDWhIGQYNQ96IuCg-AYWqNPjpU,Arianna Leighton,2014-11-03 23:02:47,ุงุณุชูุชุน ุงูุงู ุจุนุฑุถ ุงูุฎูุณ ุจุทุงุทูู ูู ุงูุดุฑูู ุงูุณุบูุฏูู ุงุชุตู: ุงูุงู ุนูู ุงูุฑูุงู ุงูุชุงูู12762782762,1
LZQPQhLyRh80UYxNuaDWhIGQYNQ96IuCg-AYWqNPjpU,richardex8,2014-11-03 23:03:03,ุงูุช ููุช ู ุงูุญุฌุงุฒุ,0
LZQPQhLyRh80UYxNuaDWhIGQYNQ96IuCg-AYWqNPjpU,ะะปะตะณ ะะฐัั,2014-11-03 23:29:00,ุงุณุฑุน ููู ุจุงูุญุฌุฒ ุงูุงู ูุจู ููุงุฐ ุงููููู ุงุฐูุจ ุงูู ุงูุฑุงุจุท ุจุงูุงุณูู ููุดุฑุงุก ,1
LZQPQhLyRh80UYxNuaDWhIGQYNQ96IuCg-AYWqNPjpU,Crooked Gaming,2014-11-04 0:00:57,ุงุฑุณู ุฑุณุงูู ุงูุงู ููุงุดุชุฑุงู ุจุฎุฏูู ุงููุคุฐู ุงูุฑุงุฆุน๐ ุนู ุงูุงุฑูุงู ุงูุชุงููู 13131414,1
LZQPQhLyRh80UYxNuaDWhIGQYNQ96IuCg-AYWqNPjpU,Monwar Sarkar,2014-11-04 0:18:07,ุงุณุนุงุฑ ุงูุงุณูู ูู ุงุฑุชูุงุน ุฏุงุฆู ุงุณุฑุน ูุดุงุฑู ูู ููุฑูุณ ุงูุงู ููุณุจ  ุงููุซูุฑ ูู ุงููุงู ุนู ุทูุฑูู ุงูุฑุงุจุท ุงูุชุงูู,1
LZQPQhLyRh80UYxNuaDWhIGQYNQ96IuCg-AYWqNPjpU,Jack ToadROXMK,2014-11-04 2:00:14,ุชุงุจุนูู ูุชุฑู ุงููุฒูุฏ ูู ุงูุฑุณููุงุช ุงูุฑุงุฆุนู ุนูู ุตูุญุชู,1
LZQPQhLyRh80UYxNuaDWhIGQYNQ96IuCg-AYWqNPjpU,roflcopter2110,2014-11-04 2:22:06,ููู ุงุณุชุทุงุนุช ูุฐู ุงููุงูุฏุฉ ูู ุงูุชูุงู ุงูููุฒู ุงูุฐู ุนููุช ููู ูุฎุงุฏูุฉุุ!!! https://t.co/JkkRRhgWhO https:/...,1
LZQPQhLyRh80UYxNuaDWhIGQYNQ96IuCg-AYWqNPjpU,Imprezzi Vidzz,2014-11-04 3:12:23,ุงูุงุฑุชูุงุนุงุช ูุงุฒุงูุช ูุณุชูุฑุฉ ุจุงูุงุณุชุซูุงุฑ ุงูุฃูุซุฑ ุฅุซุงุฑุฉ ููุฌุฏู https://t.co/h3qm5dNR8y https://t.co/JhocU...,1
LZQPQhLyRh80UYxNuaDWhIGQYNQ96IuCg-AYWqNPjpU,khir abqari,2014-11-04 7:37:28,ูู ุงุฌูู ูุง ุดุงูุฏุช ุงูููู,0
LZQPQhLyRh80UYxNuaDWhIGQYNQ96IuCg-AYWqNPjpU,Gloria Garcia,2014-11-04 11:38:51,ูู ุชุดููู ุงูุนููุงุช ุงูุฑูููุฉ ุจุฏุงูุฉ ุงูููุงูุฉ ููุนููุงุช ุงููุฑููุฉุ https://t.co/h3qm5dNR8y https://t.co/xmVS...,1
LZQPQhLyRh80UYxNuaDWhIGQYNQ96IuCg-AYWqNPjpU,xSparkShark,2014-11-04 12:40:15,"
โค ููููููุง ุงูุฉ ุฑุฃููู  ู ูุงุฑุจ ุงูุงุบููุฉ ุชุนุฌุจููุง

",0
LZQPQhLyRh80UYxNuaDWhIGQYNQ96IuCg-AYWqNPjpU,Emerson Zanol Zanol,2014-11-04 13:48:04,ุนูุฏุฉ ุงุฑุชูุงุน ุงูุจูุชููู ููุณุฌู ุฃุฑุจุงุญุง ูุซูุฑุฉ ููู ูุช ุงุณุชุซูุฑ ุจู ุงูุจุงุฑุญุฉ! https://t.co/h3qm5dNR8y https://...,1
LZQPQhLyRh80UYxNuaDWhIGQYNQ96IuCg-AYWqNPjpU,Lars Zaadstra,2014-11-04 13:54:25,ุฃุฏุฎูููุง ููุฒููู ูุชุฎุฏู ููู ููููุง ุฃุตุจุญุช ูุงููุชู ุจูุชุฑุฉ ูุตูุฑุฉ ุชุนุฑู ููู! https://t.co/XRzteVXe95 https:...,1
LZQPQhLyRh80UYxNuaDWhIGQYNQ96IuCg-AYWqNPjpU,firo mota,2014-11-04 14:38:42,ุงูุชุดู ุฎูุงูุฉ ุฃุฎูู ูู ููุญุฑู ุชุงุจุน ุงูุชูุงุตูู ูู ููุง https://t.co/tV1nwCJNju https://t.co/CcbE3lvSYr,1
LZQPQhLyRh80UYxNuaDWhIGQYNQ96IuCg-AYWqNPjpU,Connor Groom,2014-11-04 18:00:07,ูุจูุท ุฃุณุนุงุฑ ุงูุจูุชูููู ููุชุญ ุงูุทุฑูู ุฃูุงู ุงููุณุชุซูุฑูู ููุดุฑุงุก ูุจู ุนูุฏุฉ ุงุฑุชูุงุน ุฃุณุนุงุฑูุง! ููู ุฃูุช ููุชูุโฆ ht...,1
LZQPQhLyRh80UYxNuaDWhIGQYNQ96IuCg-AYWqNPjpU,Kaiser Dragon,2014-11-04 18:09:18,"
ุงูุช ูุด ูุทุฑุจ ุงูุช ุญุงุฌุฉ ุซุงููุฉ ูู ุงูุงุญุณุงุณ ุชุฏุฎู ุงูููุจ ุฏูู ุงุณุชุกุฐุงู ูุงุฑูุนู ูุงุจูุงุก ุฑุจูุง ูุง ูุญุฑููุง ูู ููู ุงูุฑุงูู.ุชุญูุงุชู ูู ุงูุนุฑุงู",0
LZQPQhLyRh80UYxNuaDWhIGQYNQ96IuCg-AYWqNPjpU,Monster Sifou,2014-11-04 18:30:39,ุฃุบููุฉ ูู ููุฉ ุงูุฑูุนุฉ. ุฃุฏุงุก ุงุณุชุซูุงุฆู.,0
LZQPQhLyRh80UYxNuaDWhIGQYNQ96IuCg-AYWqNPjpU,TIGERIO_,2014-11-04 19:46:38,"
ุงุฑุชูุงุนุงุช ูุณุชูุฑุฉ ููุจูุชูููู ููุตู ู 7,279.5$ ููู ููุชูู ุงูููู ุจ ุณุนุฑ 8000$ ุ https://t.co/h3qm5dNR8y h...",1
LZQPQhLyRh80UYxNuaDWhIGQYNQ96IuCg-AYWqNPjpU,OFFICIAL LEXIS,2014-11-04 20:22:21,"ุชูููุฐ ุงููุตุงุต ูู ูุงุชู ""ุนุจุฏ ุงููู ุงูุฑุดูุฏู"" ุจุงููุตูู https://t.co/lpLk2Jqfvu https://t.co/ugwZJubqi8",1
LZQPQhLyRh80UYxNuaDWhIGQYNQ96IuCg-AYWqNPjpU,trespasser4000,2014-11-04 22:07:22,ุบููุฉ ู ูุญู ู ุฃุฏุงุก ุฃูุซุฑ ูู ุฑุงุฆุน,0
LZQPQhLyRh80UYxNuaDWhIGQYNQ96IuCg-AYWqNPjpU,Pat M,2014-11-05 0:21:29,ุชุงุจุน ูุตุฉ ูุฌุงุญ ูุงุทูุฉ ุงููุชุงุฉ ุงูุฃุฌูุจูุฉ ุงูุชู ุนููุช ุจุฌูุฏ ูุฐูุงุก ูุชูููู ูู ุงููู ูุชุดุชุฑู ุงูููุฒู ุงูุฐู ุนููุช ููู ...,1
LZQPQhLyRh80UYxNuaDWhIGQYNQ96IuCg-AYWqNPjpU,Malin Linford,2014-11-05 1:13:43,"
ุงุฑุจุงุญ ูุณุชูุฑุฉ ูู ุงูุจูุชููู ุงูุฐู ุจุงุช ุงูููุงุฐ ุงูุฃุณุฑุน ุฑุจุญุงู ูู ุจูู ุงูุงุณุชุซูุงุฑุงุช ุงูุฃุฎุฑู https://t.co/h3qm...",1
LZQPQhLyRh80UYxNuaDWhIGQYNQ96IuCg-AYWqNPjpU,kenny clayton,2014-11-05 6:34:19,ุตูุช ุงูููู .. ุจูุงุก ุณูุทุงู .. โฅ๏ธโฅ,0
LZQPQhLyRh80UYxNuaDWhIGQYNQ96IuCg-AYWqNPjpU,Akymonix,2014-11-05 7:01:34,ุดูุฑุงู ูู ููุฅุญุณุงุณู ุงูุฌููู ูููุจ ุญุจ ูู ุงููููุช,0
LZQPQhLyRh80UYxNuaDWhIGQYNQ96IuCg-AYWqNPjpU,Gaming Land,2014-11-05 7:48:10,ุงูุฃุบููุฉ ุงูุฎุงูุฏุฉ ูู ุญูุงุฉ ูู ุดุฎุต. . ุชุฑุฌูุช ุงูููู ุจุตูุชู ุงูุฌููู,0
LZQPQhLyRh80UYxNuaDWhIGQYNQ96IuCg-AYWqNPjpU,tom hawksbee,2014-11-05 7:49:21,ูู ุงูุญุจ ู ุงูุงุญุชุฑุงู ู ุงูุชูุฏูุฑ ูุฃุฑู ููุงู ,0
LZQPQhLyRh80UYxNuaDWhIGQYNQ96IuCg-AYWqNPjpU,Norman Reid,2014-11-05 8:12:06,"ุณูุทุงู ุงูุทุฑุจ ุตูุช ุงูู ูุง ุชุณูุนู ูุฑุดู ูู ูุฏูู ูููุจู ุนูู ุทูู

",0
LZQPQhLyRh80UYxNuaDWhIGQYNQ96IuCg-AYWqNPjpU,Emily Hamilton,2014-11-05 8:42:06,ูุตุฑ ุนููุช ูู ุงุดู ุนุดุงู ุชุงุฎุฏ ููุจู ููู.. ุงููู ูุญูุธู ูุง ุงู ุงูุฏููุง ๏ธ ููู ุฑูุถุงู ูุงูุช ุจุฎูุฑ ูุชูุฑุญููุง ุฏุงููุงู ุชุญูุฉ ููุตุฑ ูุงูุดุนุจ ุงููุตุฑู ุงูุฌุฏุน ูู ููุณุทูู,0
LZQPQhLyRh80UYxNuaDWhIGQYNQ96IuCg-AYWqNPjpU,rolle54100,2014-11-05 10:43:27,ุงูุงุบููู ุจุชุนุจุฑ ุนู ุงูุดุนุจ ุงููุตุฑู ุฌุฏุง ุงูุดุนุจ ุงูุนููุฏ ุงููุฐู ูุง ููู,0
LZQPQhLyRh80UYxNuaDWhIGQYNQ96IuCg-AYWqNPjpU,MrBrunoExtreme,2014-11-05 15:10:43,"ูุงูุญูู ุงูุฐู ูุณุชุญูู ููุฏ ุจุนุฏ ุฃู ูุญุฑ ุดูููู ุงูุฃุตุบุฑ ููู,ุบูุฑุฉ ูููุ! https://t.co/lpLk2Jqfvu https://t.co...",1
LZQPQhLyRh80UYxNuaDWhIGQYNQ96IuCg-AYWqNPjpU,xMasterGGx,2014-11-05 15:25:34,ุงุฎุชูุงุฑู ูููุงุถูุน ุงูุญููุงุช ู ุงุณููุจู ูู ุชูุถูุญ ุงููุนูููุฉ ุจุดูู ููููุฏู  ูุฏู ุนูู ุนุจูุฑูุชู,0
LZQPQhLyRh80UYxNuaDWhIGQYNQ96IuCg-AYWqNPjpU,pro stomper,2014-11-05 15:27:34,ูู ูุญุชูู ุฎูุงูุฉ ุฃุฎูู ูู ......ููุญุฑู!!! https://t.co/lpLk2Jqfvu https://t.co/baEFLGg1h3,1
LZQPQhLyRh80UYxNuaDWhIGQYNQ96IuCg-AYWqNPjpU,Abdinasir Omar,2014-11-05 15:28:28,ูุง ูุง ูุตุฑูู ูุฎูุฑู ู ูุจุณูุทู ุฌุฏุง ูู ุชุนูููุงุช ูู ุงูุนุฑุจ ุจุฌุฏ ุงูุชู ูุฎุฑ ูููุง ุฒู ูุง ุงูุชู ูุนุชุจุฑูุง ูุฎุฑ ูููู,0
LZQPQhLyRh80UYxNuaDWhIGQYNQ96IuCg-AYWqNPjpU,Aleksaivan Neidert,2014-11-05 15:35:49, ุฃูุช ุงูุถู ุดุฎุต ุจูููู ุงูุจุฑูุฌู ูู ุงูููุชููุจ ูุงููู ,0
LZQPQhLyRh80UYxNuaDWhIGQYNQ96IuCg-AYWqNPjpU,Luat ha hpuoc,2014-11-05 15:38:10,ุงููุงุญุฏ ูุด ุนุงุฑู ุจุฌุฏ ููุตู ุฌูุงู ุงูููุฏูู ููุง ูุดูุฑู ุงุฒุงู ุงูู ุนุงููุชู ูุนูุง ูู ุงูุชุฑ ุงูุญุงุฌุงุช ุงููู ุจุชุฎูู ุงู ูุงุญุฏ ููุฑู ุงููุฌุงู ุฃูู ุจููุงูู ุงุจุณุท ุญุงุฌุฉ ุตุนุจุฉ ุฌุฏุง ุฌุฏุง ุนููู ููุด ุนุงุฑู ูุนูููุง ุฌุฒุงู ุงููู ุฎูุฑุง,0
LZQPQhLyRh80UYxNuaDWhIGQYNQ96IuCg-AYWqNPjpU,abdellah chafouai,2014-11-05 16:12:51,"
ุธูุช ุชุญูู ูุชุทูุญ ูุชุญุงูู ุญุชู ุงุณุชุทุงุนุช ุดุฑุงุก ุงูุจูุช ุงูุฐู ูุงูุช ุชุฎุฏู ููู.... ูููู ุชู ุฐููุ https://t.co/XRz..",1
LZQPQhLyRh80UYxNuaDWhIGQYNQ96IuCg-AYWqNPjpU,Brotha B,2014-11-05 16:18:58,ุชูุงุฌุฃ ุงูุฌููุน ูู ูุตุฏุฑ ุฃููุงู ูุฐู ุงูุฎุงุฏูุฉ ุนูุฏูุง ุงุดุชุฑุช ุงูููุฒู ุงูุฐู ุชุนูู ููู!! https://t.co/XRzteVFDhx ...,1
LZQPQhLyRh80UYxNuaDWhIGQYNQ96IuCg-AYWqNPjpU,Amir effect,2014-11-05 17:18:14,ุงูุง ููุบูุฑู ููุช ูุถูุน ุฑุจูุง ุจูุญุจูู ุงูู ูููุช ููุฑุณุงุชู,0
LZQPQhLyRh80UYxNuaDWhIGQYNQ96IuCg-AYWqNPjpU,lakis constantinou,2014-11-05 18:02:31,ุฌุฒูู ุงูุดูุฑ ูู ุงุฎู ุงุญูุฏ ุนุงุฏู ูุนุทูู ูู ุฎูุฑ ูุงุฑุจ ุงุณุชูุฏุช ู ุชุนููุช ููู ุงููุซูุฑ ููุฑุชูุง ุงููู ูููุฑู ููุฒูุฏู ูู ุนููู ูุฏุนูุฉ ููุงูุฏูู ุจุงูุฎูุฑ,0
LZQPQhLyRh80UYxNuaDWhIGQYNQ96IuCg-AYWqNPjpU,just a filthy kafir,2014-11-05 18:05:17,ุจุงุฑู ุงููู ูู ุญุถุฑุชูู ุงุณุชุงุฐ ุงููู ูุญูุธ ุญุถุฑุชูู ููููู ุญุถุฑุชูู ููุฏุฑ ูุฐุง ุงููุฌููุฏ ุงูุฑุงุฆุน,0
LZQPQhLyRh80UYxNuaDWhIGQYNQ96IuCg-AYWqNPjpU,HarveyIsTheBoss,2014-11-05 18:16:55,ุงูุงุฑุจูุง ูุชุญูุง ูู ูุดู ูู ุณุงุนุฉ ูุง ุดููุชู ุบูุฑุช ูุณุงุฑ ุญูุงุชู ุูู ุทุฑูู ุงููุงุฑุุงูู ุทุฑูู ุงูุฌูุฉ ุุงุญูุฏู ูุง ุงููู ุุดูุฑุง ุญุงุฒู ุดููุงู,0
LZQPQhLyRh80UYxNuaDWhIGQYNQ96IuCg-AYWqNPjpU,M7AMDksa,2014-11-05 19:51:38,ุถุญูุฉ ุฏูุชูุฑ ุญุงุฒู ุจุชูุฑุญ ููุจู ุงูููู ุงุญุดุฑูู ูุนู ู ุงููุฑุฏูุณ ุงูุงุนูู ูู ุงูุฌูู ูุน ุงููุจููู ูุงูุตุฏูููู ูุงูุตุงูุญูู ูุญุณู ุฃููุฆู ุฑูููุง,0
LZQPQhLyRh80UYxNuaDWhIGQYNQ96IuCg-AYWqNPjpU,Noah Franรงois,2014-11-05 20:15:09,ุงููุญุธุงุช ุงูุตุนุจุฉ ูู ุญูุงุชู ูุด ูุชุนุฏููุง ุบูุฑ ุจุงูุฏุนุงุก,0
LZQPQhLyRh80UYxNuaDWhIGQYNQ96IuCg-AYWqNPjpU,Neely Nesley,2014-11-05 20:19:26,ููุงู ุฃู ุงูุญุจ ุฃุนูู ...ููู ุฃุนูู ุงูุญุจ ุนููู ุฑุฒุงู ููุงูุช ุจูุชู ุฒูุฌูุงุุ ููู ุตุญูุญ ุฃูู ูู ุงูุญุจ ูุง ูุชูุ ุชุงุจุน ...,1
LZQPQhLyRh80UYxNuaDWhIGQYNQ96IuCg-AYWqNPjpU,BmwManDexter,2014-11-05 20:33:15,ุงูุจูุชูููู ูุชุฎุทู ุงู7000$ ููุชุฌู ููุฃุนูู ููู ุชุฑุบุจ ุจุงูุฑุจุญุ https://t.co/2pBc7KvKba https://t.co/gm87vmW...,1
LZQPQhLyRh80UYxNuaDWhIGQYNQ96IuCg-AYWqNPjpU,KodysMan Dunt Know,2014-11-05 21:10:09,"
ุงูุจูุชูููู ูู ุตุนูุฏ ูุณุชูุฑ ููุฑุญุฉ ุนุงุฑูุฉ ุชุบูุฑ ุงูุฑุงุจุญูู ูู ุดุฑุงุกู ุจุฃุณุนุงุฑ ุฃูู ุณุงุฑุน ูุงูุถู ุฃูุช ุฃูุถุงู ูุชุฑุจุญ ู...",1
LZQPQhLyRh80UYxNuaDWhIGQYNQ96IuCg-AYWqNPjpU,nachopinca3901,2014-11-05 21:14:36,ูู ุฃุฌูู ุงูุฎุทุจ ุงููู ุชุชุญูุฑ ูู ุงูููุจ ูุงูุนูู ูุงููู,0
LZQPQhLyRh80UYxNuaDWhIGQYNQ96IuCg-AYWqNPjpU,Mehmet Demirel,2014-11-05 21:25:27,ุธูุช ุชุญูู ูุชุทูุญ ูุชุญุงูู ุญุชู ุงุณุชุทุงุนุช ุดุฑุงุก ุงูุจูุช ุงูุฐู ูุงูุช ุชุฎุฏู ููู.... ูููู ุชู ุฐููุ https://t.co/XR...,1
LZQPQhLyRh80UYxNuaDWhIGQYNQ96IuCg-AYWqNPjpU,PacKmaN,2014-11-05 21:56:39,"
ุงูุจูุชูููู ูู ุตุนูุฏ ูุณุชูุฑ ููุฑุญุฉ ุนุงุฑูุฉ ุชุบูุฑ ุงูุฑุงุจุญูู ูู ุดุฑุงุกู ุจุฃุณุนุงุฑ ุฃูู ุณุงุฑุน ูุงูุถู ุฃูุช ุฃูุถุงู ูุชุฑุจุญ ู...",1
LZQPQhLyRh80UYxNuaDWhIGQYNQ96IuCg-AYWqNPjpU,Alessandro leite,2014-11-05 22:21:36,ุนูุฏูุง ุจุฏุฃุช ุงูุนูู ูุฎุงุฏูุฉ ูู ูุฐุง ุงูููุฒู ูู ุชูู ุชุชููุน ุฃู ุชูุชุญ ููุง ุฃุจูุงุจ ุงูุณุนุงุฏุฉ ูุงููุฌุงุญ ุชุงุจุน ูุตุฉ ูุฐู ุงู...,1
LZQPQhLyRh80UYxNuaDWhIGQYNQ96IuCg-AYWqNPjpU,TLouX music,2014-11-05 22:41:42,ูู ุชุชููุน ูุงูุฏู ุฑุฏุฉ ูุนูู ุงูุนูููุฉ ุนูุฏูุง ุนูู ุจุฎุทุจุฉ ุญุจูุจุชู ูุฃุฎูู!!! https://t.co/tV1nwCJNju https:...,1
LZQPQhLyRh80UYxNuaDWhIGQYNQ96IuCg-AYWqNPjpU,Tyrek Sings,2014-11-05 22:50:02,ูุง ูู ุงูุงูุณุชุซูุงุฑ ุงูุฃูุซู ูู ุนุงูู ูุถุฌ ุจุงูุฃุญุฏุงุซ ุงูุบูุฑ ูุณุชูุฑุฉุุ!! https://t.co/2pBc7KvKba https://t.c...,1
LZQPQhLyRh80UYxNuaDWhIGQYNQ96IuCg-AYWqNPjpU,NursePoison,2014-11-06 1:12:14,ุงูููู ูุง ูููุจ ุงููููุจ ุซุจุช ููุจู ุนูู ุฏููู,0
LZQPQhLyRh80UYxNuaDWhIGQYNQ96IuCg-AYWqNPjpU,Peter Johnson,2014-11-06 1:44:12,ูู ุฑุฌู ุฃุนูุงู ูุงุฌุญ....ุฅูู ูุงุชู ูุฃุฎูู ุจุฏู ุจุงุฑุฏ...ููู ุชุญูู ููุฏุ! https://t.co/tV1nwCJNju https://t.co...,1
LZQPQhLyRh80UYxNuaDWhIGQYNQ96IuCg-AYWqNPjpU,MiningBip3,2014-11-06 2:22:00,ููู ุณุชุคุซุฑ ุฎุทูุฉ ููุฑูุง ุงูุฌููุจูุฉ ุงูุฅูุฌุงุจูุฉ ุนูู ุงูุนููุงุช ุงูุฑูููุฉุ https://t.co/2pBc7KvKba https://t.co/...,1
LZQPQhLyRh80UYxNuaDWhIGQYNQ96IuCg-AYWqNPjpU,Ju`Wan Wright,2014-11-06 2:39:07,ูุคุณุณุฉ ุงูููุฏ ุงูุนุฑุจู ุงูุณุนูุฏู:ูุง ุญุธุฑ ุนูู ุงุณุชุซูุงุฑ ุงูุณุนูุฏููู ูู ุนููุฉ ุงูุจูุชูููู ุฎุงุฑุฌูููุง https://t.co/2p...,1
LZQPQhLyRh80UYxNuaDWhIGQYNQ96IuCg-AYWqNPjpU,CronicleFPS,2014-11-06 3:10:26,RT @Btc2Trade: ููู ูููู ุงูุงุณุชูุงุฏุฉ ูู ุฃุณุนุงุฑ ุงูุจูุชูููู ุจุบุถ ุงููุธุฑ ุณูุงุก ูุงูุช ูุฑุชูุนุฉ ุฃู ููุฎูุถุฉุ!!! htt...,1
LZQPQhLyRh80UYxNuaDWhIGQYNQ96IuCg-AYWqNPjpU,marye,2014-11-06 4:42:33,ุงูููู ุฅูู ุชูููุช ุนููู ููููุช ุงูุฑู ุงููู ูุงุฑุจ ูุงุฑุจ ุงูุช ุงุฏุฑู ุจูุง ุฃูุฑ ุจู ูุงูุช ุงุฏุฑู ุจุฃูุฌุงุน ุงููููุจ ููููููุง ุงูููู ุงูุฏูุง ููุฑุฌ ูุฑูุจูุง,0
LZQPQhLyRh80UYxNuaDWhIGQYNQ96IuCg-AYWqNPjpU,Giang Nguyen,2014-11-06 4:54:22,ู ูุง ุชุชุนุฐุจ ุญุจูุจุชู ูุญุฑ ุฃุฎุงู!!! ุชุงุจุน ุชูุงุตูู ุฌุฑููุฉ ุฑุฌู ุงูุฃุนูุงู ููุฏ ุงูุฑุดูุฏู https://t.co/tV1nwCJNju...,1
LZQPQhLyRh80UYxNuaDWhIGQYNQ96IuCg-AYWqNPjpU,Giang Nguyen,2014-11-06 4:55:41,ูู ูุง ุชุชุนุฐุจ ุญุจูุจุชู ูุญุฑ ุฃุฎุงู!!! ุชุงุจุน ุชูุงุตูู ุฌุฑููุฉ ุฑุฌู ุงูุฃุนูุงู ููุฏ ุงูุฑุดูุฏู https://t.co/tV1nwCJNju ...,1
LZQPQhLyRh80UYxNuaDWhIGQYNQ96IuCg-AYWqNPjpU,MasterRobotTV,2014-11-06 5:40:43,"
ูุฏ ูููู ุงูููุฑ ุณุจุจุงู ูู ุชุนุงุณุฉ ุงููุซูุฑูู....ููู ูุฐู ุงูุฎุงุฏูุฉ ุงุณุชุทุงุนุช ุจุฐูุงุฆูุง ุดุฑุงุก ููุงู ุนูููุง!! https:...",1
LZQPQhLyRh80UYxNuaDWhIGQYNQ96IuCg-AYWqNPjpU,ROB YSF,2014-11-06 9:15:12,"
ููู ูููุชุชุง ุงูุฑุจุญ ูู ุงูุจูุชูููู ูุบูุฑูุง ูู ุงูุนููุงุช ุงูุฑูููุฉุ https://t.co/h3qm5dNR8y https://t.co/xwK0...",1
LZQPQhLyRh80UYxNuaDWhIGQYNQ96IuCg-AYWqNPjpU,Rancy Gaming,2014-11-06 9:41:07,ูุงูุฐู ููุฑ ููู ููุฏ ูุญุธุฉ ูุญุฑ ุฃุฎูู ูููุงุฐุง ุงูุชุฑู ูุฐุง ุงูุฐูุจุ https://t.co/lpLk2Jqfvu https://t.co/eDyUA..,1
LZQPQhLyRh80UYxNuaDWhIGQYNQ96IuCg-AYWqNPjpU,FatPocketsTv,2014-11-06 9:49:14,"
ุญุตุฑูุง ๐ฏ๐ฏ ูุชุงุจุนูู ุณูุงุจ ุดุงุช ุฎููุฌู ุญูููู ูุชูุงุนููู ๐ โโ- 100% ุฌููุน ุงูุฅุถุงูุงุช ุชุชู ุนุจุฑ ุงููุดุฑ...",1
LZQPQhLyRh80UYxNuaDWhIGQYNQ96IuCg-AYWqNPjpU,Holly,2014-11-06 13:41:30,ุจูุน ูุชุงุจุนูู - ุณูุงุจ - ุงูุณุชุฌุฑุงู - ููุชููุจ -ุฑูุชููุช - ูุงููุงุช - ูุดุงูุฏุงุช -ุชุนูููุงุช -ููุดู - ุฑูุน ูุงุดุชุงุฌ ...,1
LZQPQhLyRh80UYxNuaDWhIGQYNQ96IuCg-AYWqNPjpU,unknown,2014-11-06 14:50:18,ุจุงููู ุนููู ูุง ุดูุฎ ุงุฏุนู ูู ููุฒูุฌู ุจุงููุฏุงูุฉ ูุงูุตูุงุญ ูุงูุชูููู,0
LZQPQhLyRh80UYxNuaDWhIGQYNQ96IuCg-AYWqNPjpU,"thevlogmasters Vlog, Challenges en nog veel meer!",2014-11-06 15:28:54,ุงูููู ุญูู ุญููู ูุญูู ุฃุจู ูุฅูู ููู ูู ูุชุจ ุขููู ูุงุฑุจ,0
LZQPQhLyRh80UYxNuaDWhIGQYNQ96IuCg-AYWqNPjpU,Freddie Barton,2014-11-06 15:31:35,"
ุญุตุฑูุง ูุชุงุจุนูู ุณูุงุจ ุดุงุช ุฎููุฌู ุญูููู ูุชูุงุนููู #ูุดุงูุฏุงุช_ุณูุงุจ #ุญุณุงุจุงุช_ุณูุงุจ #ูุดุฑ_ุณูุงุจ ...",1
LZQPQhLyRh80UYxNuaDWhIGQYNQ96IuCg-AYWqNPjpU,Sean Ortiz,2014-11-06 16:48:02,ูุชููุฑ ุงุดุชุฑุงู ุดูุฑู ุฑูุชููุช ุฎููุฌู ุญูููู,1
LZQPQhLyRh80UYxNuaDWhIGQYNQ96IuCg-AYWqNPjpU,ZodexHD,2014-11-06 17:50:59, ูุงููุงุช ููุตูุฑ - ูุดุงูุฏู ููุฏูู - ููููุฉ ุฒูุงุฏุฉ ุงููุชุงุจุนูู - ููููุฉ ุดุฑุงุก ูุชุงุจุนูู - ูุดุฑ ุชุบุฑูุฏุฉ - ุงุดูุงุฑ ุงูุญุณ...,1
LZQPQhLyRh80UYxNuaDWhIGQYNQ96IuCg-AYWqNPjpU,Andr3wco7,2014-11-06 17:59:30,ุงูููู ุงุบูุฑ ูู ูุงุฑุญููู ูุงูุฏูู ูุนุงููู ูุฃุฑุฒููู,0
LZQPQhLyRh80UYxNuaDWhIGQYNQ96IuCg-AYWqNPjpU,michelle clough,2014-11-06 18:00:04,ุจุงููุณุจุงูู ุดุนูุฑ ุงููุญุฏู ุงูุถู ุจูุชูุฑ ูู ุดุนูุฑ ุงูุชูุงุฌุฏ ูุน ูุงุณ ููุงูููู ..ุจุญุณ ุฏุงููุง ุจุงูุฑุงุญู ููุง ุจููู ููุญุฏู ุงุตูุง =),0
LZQPQhLyRh80UYxNuaDWhIGQYNQ96IuCg-AYWqNPjpU,lebanonwarior1,2014-11-06 18:07:21,"ุงุจูุง ูุญูุฏุฉ ูู ูุฒู ุงูุงูุฑ ูุงูู ูุง ุชุฌุนูู ุฌูุนู ููุนูุงูุงุช ูุฌุนูู ุชุชุนุฑู ุนูู ุงุดุฎุงุต ุบูุฑ ุญููููู ูุณุงููู ุถุฑุฑ ุงููุญุฏุฉ ุงูู ูู ุถุฑุฑ ูุดุงุฑูุฉ ููุชู ูุนุง ุงุดุฎุงุต ุณุงููู ุงุฌุนู ูููุชู ูููุณู ูููุฉ

",0
LZQPQhLyRh80UYxNuaDWhIGQYNQ96IuCg-AYWqNPjpU,amine moha,2014-11-06 18:11:37,ุญุตุฑูุง ุจูุน ูุชุงุจุนูู ุชููุชุฑ ๐ฆ https://t.co/pBb5A4OBiH,1
LZQPQhLyRh80UYxNuaDWhIGQYNQ96IuCg-AYWqNPjpU,PacKmaN,2014-11-06 18:23:21,ุชููุชุฑ ุญุตุฑูุง ูุชุงุจุนูู ุชููุชุฑ ุนุฑุจ ุถูุงู ูุฏู ุงูุญูุงู #ุดุฑุงุก_ูุชุงุจุนูู #ุฒูุงุฏู_ูุชุงุจุนูู #ุงุนูุงูุง...,1
LZQPQhLyRh80UYxNuaDWhIGQYNQ96IuCg-AYWqNPjpU,fad lad,2014-11-06 18:24:19,@Turki_alalshikh ๐ุฃูุถู ุจูุน ูุชุงุจุนูู๐ ๐ค โญ๏ธูุงูุญุชุงุฌ ูููุฉ ุงูุณุฑ โญ๏ธุชูููุฐ ููุฑู โญ๏ธุณุฑูุฉ ุชุงูุฉ ...,1
LZQPQhLyRh80UYxNuaDWhIGQYNQ96IuCg-AYWqNPjpU,Digital Media Butterfly,2014-11-06 18:55:14,ุงููุญุฏุฉ ููุฉ ูุจูุฑุฉุ  ูุฌุจ ุงู ุชุชุนูู ููู ุชุจูู ููุญุฏู,0
LZQPQhLyRh80UYxNuaDWhIGQYNQ96IuCg-AYWqNPjpU,JackTheLad,2014-11-06 19:00:11,"ุณูุงุจ ุดุงุช ุญุตุฑูุง โ 30ูุชุงุจุน + 30 ูุดุงูุฏุฉ + 30 ููููุช ุนูู ุณูุงุจ ุดุงุช , ุนุฑุถ ุงูุชูุงุนู โ๏ธ",1
LZQPQhLyRh80UYxNuaDWhIGQYNQ96IuCg-AYWqNPjpU,JoelR Ch,2014-11-06 19:28:25,#ููุงู_ุงูุนุงุจุฏ_ุดุจุงุจู yuu ๐ุฃูุถู ุจูุน ูุชุงุจุนูู๐ ๐ค โญ๏ธูุงูุญุชุงุฌ ูููุฉ ุงูุณุฑ โญ๏ธุชูููุฐ ููุฑู โญ๏ธุณุฑ...,1
LZQPQhLyRh80UYxNuaDWhIGQYNQ96IuCg-AYWqNPjpU,OverSpace33,2014-11-06 19:40:59,#ุนุทูุง_ูุดููุฑ_ูุณุชุญู_ุงูุดูุฑู ๐ุฃูุถู ุจูุน ูุชุงุจุนูู๐ ๐ค โญ๏ธูุงูุญุชุงุฌ ูููุฉ ุงูุณุฑ โญ๏ธุชูููุฐ ููุฑู โญ๏ธุณุฑ...,1
LZQPQhLyRh80UYxNuaDWhIGQYNQ96IuCg-AYWqNPjpU,Detroit Red Wings,2014-11-06 20:55:09,โฆ๏ธุจูุน ูุชุงุจุนูู ุชููุชุฑ_ุณูุงุจ_ุงูุณุชูุฑุงู โฆ๏ธุฑุชููุช โฆ๏ธ ุจูุน ุงุตูุงุช ูุจุณุฑุนู ุนุงููู โ๏ธ โฆ๏ธูุดุชุงู ุชุฑูุฏ ุชุญุฏูุฏ โฆ๏ธ...,1
LZQPQhLyRh80UYxNuaDWhIGQYNQ96IuCg-AYWqNPjpU,DirtySouthFlorida3,2014-11-06 22:00:58,RT @c7_hqn: ุจููุงุณุจุฉ ุงูุนุงู ุงููุฌุฑู ุงูุฌุฏูุฏ ุฎุตู ุนูู ูู ุงูุฎุฏูุงุช ๐ ุงูุนุฑูุถ ุงุนูุงู ุณุงุฑูุฉ ููุฏุฉ 24 ุณ...,1
LZQPQhLyRh80UYxNuaDWhIGQYNQ96IuCg-AYWqNPjpU,David Boฤek,2014-11-06 22:40:49,ููููููููููููููููููููููููููููููููู ุฅูุณุชูุฑุงู โข ูุงูุฉ ุฎุฏูุงุช ูุงููุงุช ุงูุณุชูุฑุงู ุชุนูู ุจุดูู ููุชุงุฒุ ุง...,1
LZQPQhLyRh80UYxNuaDWhIGQYNQ96IuCg-AYWqNPjpU,Jackal James,2014-11-06 22:53:08,#ุงูุตูุญุฉ_ุงูุฃููู ูู #ุตุญููุฉ_ุงูุดุฑู | #ุงูุฌูุนุฉ 27-10-2017 https://t.co/TejJzFUCaS #ุง...,1
LZQPQhLyRh80UYxNuaDWhIGQYNQ96IuCg-AYWqNPjpU,Goran Theboss,2014-11-06 23:16:52,ุงูุขู ุนูู ุงููููุน | ุนุฏุฏ ุงูููู ูุงููุง ุจุตูุบุฉ PDF ุนูู ุงูุฑุงุจุท https://t.co/rlFQx0eDMn https://t.co/A...,1
LZQPQhLyRh80UYxNuaDWhIGQYNQ96IuCg-AYWqNPjpU,YoungBrothersRecords,2014-11-06 23:22:32,ูุงูุฐู ุฏูุนู ููุชู ุดููููุ ุฃูู ุงููุงู ุฃู ุงูุญุจุ!!! https://t.co/lpLk2Jqfvu https://t.co/aCxO8z7ihn,1
LZQPQhLyRh80UYxNuaDWhIGQYNQ96IuCg-AYWqNPjpU,Chinsoman Films,2014-11-07 1:22:02,ูุงูุฐู ุฏูุนู ููุชู ุดููููุ ุฃูู ุงููุงู ุฃู ุงูุญุจุ!!! https://t.co/lpLk2Jqfvuhttps://t.co/aCxO8z7ihnn,1
LZQPQhLyRh80UYxNuaDWhIGQYNQ96IuCg-AYWqNPjpU,Moymoy Palaboy,2014-11-07 1:24:27,ุณุฑ ุงููุฌุงุญ ูู ุงูุงุณุชููุงุธ ูุจูุฑุง ููู ููุช ุตูุงุฉ ุงููุฌุฑ ูุจูู ูุฏู ุตุญูุญ ุงูููู ูคูจ ุณุงุนุฉ,0
LZQPQhLyRh80UYxNuaDWhIGQYNQ96IuCg-AYWqNPjpU,Mason Sieverding,2014-11-07 1:50:10,"
ุซุงุจุฑุช ูุนููุช ุจุฐูุงุก ุญุชู ุงุณุชุทุงุนุช ูุฐู ุงูุฎุงุฏูุฉ ุงููุงูุฏุฉ ูู ุดุฑุงุก ุงูููุฒู ุงูุฐู ุนููุช ููู!! https://t.co/Jkk..",1
LZQPQhLyRh80UYxNuaDWhIGQYNQ96IuCg-AYWqNPjpU,VIP 2NEXO,2014-11-07 2:02:02,ูู ููุงุญุธุฉ ุญููุฉ ุนู ุจุณุชูุชุน ูููุง ููู ุทุฑููุฉ ุฃุฏุงุก ุงูุดุฎุต ููู ุนู ูุดุฑุญููุง ููุฎุชุตุฑููุง ุงููุชุจุ ูุงูู ุทุฑููุฉ ุงูุฃุฏุงุก ูููุฉ ูุงูุขู ุจู ุฃุฎุถุฑ ุฃุตุจุญุช ุงูุถู  ู ุดูุฑุง ุฌุฒููุง .,0
LZQPQhLyRh80UYxNuaDWhIGQYNQ96IuCg-AYWqNPjpU,Gaming 101,2014-11-07 4:13:47,"ุดุฑุญ ูุจุณุท ู ููุงูู ู ุฌููู ูุง ููู ุฃุจุฏุง 
ูุจุฏุน ูุนุงุฏุชู",0
LZQPQhLyRh80UYxNuaDWhIGQYNQ96IuCg-AYWqNPjpU,Chack Jason,2014-11-07 4:39:08,ุฌุฒุงู ุงููู ุฎูุฑุง.... ุฃูุฏ ุฃู ุฃุถูู ุงูู ุงููุตุงุฆุญ ุงููููุฉ ุงูุชู ุฐูุฑุชูุง ูู ุชุฌุฑุจุชู ุฃููู ูู ูู ุนุงู ุฃูุชุจ ูููุณู ูุตุงุฆุญ ููุนุงู ุงูุชุงูู ูุงุณุชุบูุงู ุฑูุถุงู ุจุงูุดูู ุงูุฃูุซู ูุฃุญุชูุธ ุจูุง ูู ุตูุฏูู ุดุฎุตู ูุนูู ุฃุฎุชุตุฑ ุจุนุถ ุงูุฃูุงู ูู ุฃูู ุฑูุถุงู ูุญูู ุงูุชุดุงู ุงูุฑูุชูู ุงูุฃูุถู ูุงูุฃูุณุจ ูุตุญุชู ูุงูุชุงุฌูุชู... ูุนูู ุณุจูู ุงููุซุงู ูุชุจุชู ูููุณู ุฐุงุช ูุฑุฉ ุฃููู ุฃุฑุฏุชู ุฃุฏุงุก ุงูุชุฑุงููุญ ูู ุงููุณุฌุฏ ููููู ููุชู ุฃูุฑุฑ ุฃู ุฃุฎูุฏ ููููู ููุฏุฉ ูคูฅ ุฏูููุฉ ุจุนุฏ ุชูุงูู ุงูุฅูุทุงุฑ ูุฃุฏุงุก ุตูุงุฉ ุงููุบุฑุจ ููููุง ูุงูุช ุนูู ุงูุฃุบูุจ ุชุณุชูุฑ ูุฃูุซุฑ ูู ุฐูู ูููุชูู ุจูู ุงูุฃูุฑ ุจุชูููุช ุงูุฐุชุฑุงููุญ ุฌูุงุนุฉ ูู ุงููุณุฌุฏ... ููุฌุฏุชู ุฃู ุงูุญู ูู ุชุญุถูุฑ ุงูุทุนุงู ูุจูุฑุง ููููุง ูุงูููู ููุฏุฉ ุณุงุนุฉ ุฃู ุฃูู ุจูููู ูุจู ุฃุฐุงู ุงููุบุฑุจ ูุจุงุดุฑุฉ ุญูุซ ูุง ุจุฏ ูู ุฃู ุฃุณุชููุธ ุนูู ููุช ุงูุฃุฐุงู... ูุฑุงุกุชู ูุฑุณุงูุชู ูููุณู ูู ุงููุณุชูุจู ููุฑ ุนููู ุฎุณุงุฑุฉ ุงุณุจูุน ูู ุงูุชุฌุงุฑุจ ุงููุงุดูุฉ...,0
LZQPQhLyRh80UYxNuaDWhIGQYNQ96IuCg-AYWqNPjpU,Kitts Hausman,2014-11-07 4:48:01,"
ุจุตูู ุนุงูู ุฐูุฑ ุงูููุณู ุงูุฏูููู ุฃู ุงูุฑูุญุงููู ุจููุฏูููุงุช ุญุถุฑุชู ุจุชุฎูู ุงูููุงุทุน ุฎูููู ุฃู ูููุง ุญูุงู ุจุงููุณุจู ููุง ุฅุญุณุงุณ ูุฎุชูู ุนู ุงูููุงุทุน ุงูุฎุงููู ูู ุฐูุฑ ุงููู ููู ุจุณูุท ูููุชุตุฑู ุนูู ุฌุงูุจ ุนููู ููุท ููู ูุญุชูู ูููุง .ุงูููุนูู ุฏู ูุงูุง ุจุดูููุง ุจุญุณูุง ูููุง ุฌูุงุก ูุชูููู ูุน ุฅููุง ูููุฏู ูุชูุฑูุจุง ุบุงูุจ ุงููุฌุงูุงุช ุงูุฅุณูุงู ูู ุฅุดุงุฑู ูููุง. ูููุงุชูู ูุนูุง ูููุฒู ุฑุจูุง ูุชูุจู ูููุณุฑููู ุงูุญุงู ููุชุทููุฑ ููุฌุงุญ ูุณุชูุฑ",0
LZQPQhLyRh80UYxNuaDWhIGQYNQ96IuCg-AYWqNPjpU,TheInfectedDoge Gameplay,2014-11-07 5:04:28,ุฑุจูุง ูุง ุงุจูู ูุฌุจุฑ ุจุฎุงุทุฑู ุฒู ูุง ุจุชุฌุจุฑ ุจุฎุงุทุฑ ุฑุจุงุช ุงูุจููุช ุฌุจุฑุฉ ูู ุงูุณูุง ูุฌุจุฑุฉ ูู ุงูุงุฑุถ,0
LZQPQhLyRh80UYxNuaDWhIGQYNQ96IuCg-AYWqNPjpU,Warrdrew,2014-11-07 7:46:57,ูุชุจ ุงููู ุฃุฌุฑู ุฃุฎููุง ุนูู ุนูู ุชุฐููุฑู ุงููุณุชูุฑ ููุฃููุฑ ุงููุงูุนุฉ ู ุงููููุฏุฉ ูู ุญูุงุฉ ุงูุฅูุณุงู ุ ุฌุฒุงู ุงููู ุนูููุง ุฎูุฑ ุงูุฌุฒุงุก ู ูููู ุนุงูู ู ุฃูุช ู ูู ุชูุญุจ ุจุตุญุฉ ู ุนุงููุฉ ูุณูุงู,0
LZQPQhLyRh80UYxNuaDWhIGQYNQ96IuCg-AYWqNPjpU,Parssa Alimadad,2014-11-07 7:54:13,"ุญูููุฉ ุงูุช ูู  ุงูุดุจุงุจ ุงูุฐูู ูููุนูู ุฃูุชูู ูุนุฑููู ุงูููุฉ ุงูููุช ููุญุฏุฏูู ุงูุฏุงููู  , ุงูุชููุช ุจุฌููุน ุงูููุงุถูุน ุงูุฏููููุฉ ูุงูุงุฎุฑููุฉ , ูุทุฑููุฉ ุงูุตุงู ุงููุนูููุฉ ุฑุงุฆุนุฉ ุฌุฏุงู ุงูู  ูุฑุฉ ุงุดูู ููุงุชู ุงุชููู ูู ุงูุชูููู  ูุงูุฅุณุชูุฑุงุฑูุฉ  ุงุฎุชู ูู ุงููุบุฑุจ, ุฑูุถุงู ูุฑูู ",0
LZQPQhLyRh80UYxNuaDWhIGQYNQ96IuCg-AYWqNPjpU,Adrian Skalak,2014-11-07 8:19:37,"ูุฑุญุจูุงุ ุฃูุง ูุฏูุฑ ุชูุธูู ูู ุฃูุงุฒูู ููุจุญุซ ุญุงูููุง ุนู 80 ููุธููุง ุนุจุฑ ุงูุฅูุชุฑูุช ุจุฏูุงู ุฌุฒุฆูุ ุจุงูุนูู ูู ุงูููุฒู ุจุงุณุชุฎุฏุงู ุงููุงุชู ุงููุญูููุ ููููู ุจุณูููุฉ ูุณุจ 1000 ุฅูู 3000 ุฌููู ูุตุฑู ูู ุงููููุ ููุชู ุฏูุน ุงูุฑุงุชุจ ูู ููุณ ุงูููู.. ููุงู ุงูุนูู ุจุณูุทุฉ ููููู ุงูููุงู ุจูุง ูู ุฃู ููุงูุ ูุฑุฌู ุงูุงุชุตุงู ุจูุง ุนุจุฑ ุงูุถุบุท ุนูู ุงูุฑุงุจุท ""ุฑุงุจุท ุชููุฌุฑุงู""ุ ูุงูุงุชุตุงู ุจูุง ""ุฑุงุจุท ูุฌููู"".. ููุงุญุธุฉ ูุฌุจ ุฃูุง ููู ุนูุฑ ุงููุชูุฏููู ุนู 20 ุนุงููุงุ ููุง ูููู ููุทูุงุจ ุงููุดุงุฑูุฉ",1
LZQPQhLyRh80UYxNuaDWhIGQYNQ96IuCg-AYWqNPjpU,BeatBoxBaaa,2014-11-07 9:04:08,ูุงููู ุงูุนุธูู ุณุงุถุบุท ุนูู ูุฐุง ุงูุฑุงุจุท ูุงุชูุณู ููุฏ ุญููุช,1
LZQPQhLyRh80UYxNuaDWhIGQYNQ96IuCg-AYWqNPjpU,Cool Ong,2014-11-07 9:55:39,ูุนูุง ุงูุชูุงุฒู ุจูู ุงูุชูุงุฆู ูุงูุชุดุงุคู ุฑุงุญ ุชุฌุนู ุญูุงุชู ูุณุชูุฑู ูููุงููุง ูููุฏุ ุงูุชูุงุฆู ููุทููุญ ูุงูุนูู ูุงูุงุฌุชูุงุฏุ ูุงูุชุดุงุคู ุงูุญุฐุฑ ูุงุฎุฐ ุงูุญูุทู ูุงูุงูุชุจุงูุ ุงูุญููู ูุฐู ูุชุญุช ุนููู ุนูู ุฃููุฑ ูุซูุฑู,0
LZQPQhLyRh80UYxNuaDWhIGQYNQ96IuCg-AYWqNPjpU,Uroลก Slemenjak,2014-11-07 12:08:13,"ูุฑุญุจูุงุ ุฃูุง ูุฏูุฑ ุชูุธูู ูู ุฃูุงุฒูู ููุจุญุซ ุญุงูููุง ุนู 80 ููุธููุง ุนุจุฑ ุงูุฅูุชุฑูุช ุจุฏูุงู ุฌุฒุฆูุ ุจุงูุนูู ูู ุงูููุฒู ุจุงุณุชุฎุฏุงู ุงููุงุชู ุงููุญูููุ ููููู ุจุณูููุฉ ูุณุจ 1000 ุฅูู 3000 ุฌููู ูุตุฑู ูู ุงููููุ ููุชู ุฏูุน ุงูุฑุงุชุจ ูู ููุณ ุงูููู.. ููุงู ุงูุนูู ุจุณูุทุฉ ููููู ุงูููุงู ุจูุง ูู ุฃู ููุงูุ ูุฑุฌู ุงูุงุชุตุงู ุจูุง ุนุจุฑ ุงูุถุบุท ุนูู ุงูุฑุงุจุท ""ุฑุงุจุท ุชููุฌุฑุงู""ุ ูุงูุงุชุตุงู ุจูุง ""ุฑุงุจุท ูุฌููู"".. ููุงุญุธุฉ ูุฌุจ ุฃูุง ููู ุนูุฑ ุงููุชูุฏููู ุนู 20 ุนุงููุงุ ููุง ูููู ููุทูุงุจ ุงููุดุงุฑูุฉ",1
LZQPQhLyRh80UYxNuaDWhIGQYNQ96IuCg-AYWqNPjpU,Adam Mudd,2014-11-07 12:16:08,ุจุนุฏ ุฃูุงู ูู ุงูุบุฑู ูู ุณูุงุณู ุฃููุงุฑู... ุงุฏุฎูุช ุงูุจูุฌุฉ ุฅูู ููุจู... ูุญุชูู ุฑุงุฆุน ุดูุฑุงู ููุฏุญูุญ ูุงููุฑูู,0
LZQPQhLyRh80UYxNuaDWhIGQYNQ96IuCg-AYWqNPjpU,Cromwell John Pascual,2014-11-07 12:51:06,ุญุจ ุงูุชุฑ ุญููุงุช ุงูุฏุญูุญ ุนู ูุฌุงู ุงูููุณ ูุงูุทุจ ูุงูุชุงุฑูุฎ ูุงูุฑูุงุถูุงุช ูุงูุงูุชุตุงุฏ ููู ุญุงุฌุฉ ุจุญุจ ุงูุชุฑ ูู ุญููุงุช ุงูุฏุญูุญ ,0
LZQPQhLyRh80UYxNuaDWhIGQYNQ96IuCg-AYWqNPjpU,Starfire003,2014-11-07 12:58:57,ูุงุตุฑ ุดุฎุตูุฉ ุฃูุซุฑ ูู ุฑุงุฆุนุฉ ุดูุฑุงู ูู ุนูู ุงููุญุชูู ุงูููู ุงูุฐู ูุง ููุฏุฑ ุจุซูู,0
LZQPQhLyRh80UYxNuaDWhIGQYNQ96IuCg-AYWqNPjpU,Lindsay Wofford,2014-11-07 13:12:45,ูู ุงูุถู ุงููุญุชููุงุช ูู ุงูููุชููุจ ุงูุนุฑุจู ูุจุงุฐู ุงููู ุงูุนุงููู ูู ุงููุณุชูุจูู,0
LZQPQhLyRh80UYxNuaDWhIGQYNQ96IuCg-AYWqNPjpU,Romeo Sweeney,2014-11-07 13:33:12,ุดูุฑุงู ููู ุนูู ุฌููุฏูู ุงูุชู ูุง ุชูุฏุฑ ุจุซูู,0
LZQPQhLyRh80UYxNuaDWhIGQYNQ96IuCg-AYWqNPjpU,Thanh Phong,2014-11-07 13:48:31,ูุฑุฃู ุณูุฑู ุงูุจูุฑู ููููุข ุจุนุฏ ุตูุงุฉ ุงููุฌุฑ ุชุณุจูุญ ุญุชู ุทููุน ุงููุฌุฑ,0
LZQPQhLyRh80UYxNuaDWhIGQYNQ96IuCg-AYWqNPjpU,Callum Barr,2014-11-07 13:49:41,"ูุฑุญุจูุงุ ุฃูุง ูุฏูุฑ ุชูุธูู ูู ุฃูุงุฒูู ููุจุญุซ ุญุงูููุง ุนู 80 ููุธููุง ุนุจุฑ ุงูุฅูุชุฑูุช ุจุฏูุงู ุฌุฒุฆูุ ุจุงูุนูู ูู ุงูููุฒู ุจุงุณุชุฎุฏุงู ุงููุงุชู ุงููุญูููุ ููููู ุจุณูููุฉ ูุณุจ 1000 ุฅูู 3000 ุฌููู ูุตุฑู ูู ุงููููุ ููุชู ุฏูุน ุงูุฑุงุชุจ ูู ููุณ ุงูููู.. ููุงู ุงูุนูู ุจุณูุทุฉ ููููู ุงูููุงู ุจูุง ูู ุฃู ููุงูุ ูุฑุฌู ุงูุงุชุตุงู ุจูุง ุนุจุฑ ุงูุถุบุท ุนูู ุงูุฑุงุจุท ""ุฑุงุจุท ุชููุฌุฑุงู""ุ ูุงูุงุชุตุงู ุจูุง ""ุฑุงุจุท ูุฌููู"".. ููุงุญุธุฉ ูุฌุจ ุฃูุง ููู ุนูุฑ ุงููุชูุฏููู ุนู 20 ุนุงููุงุ ููุง ูููู ููุทูุงุจ ุงููุดุงุฑูุฉ",1
LZQPQhLyRh80UYxNuaDWhIGQYNQ96IuCg-AYWqNPjpU,funtimekid1199,2014-11-07 14:11:41,ูุงููู ุงูุนุธูู ุณุงุถุบุท ุนูู ูุฐุง ุงูุฑุงุจุท ูุงุชูุณู ููุฏ ุญููุช,1
LZQPQhLyRh80UYxNuaDWhIGQYNQ96IuCg-AYWqNPjpU,css403,2014-11-07 14:25:48,ุงูููุงูุงุช ุชุนุฌุฒ ุนู ูุตู ุนููู ุงูุฑุงุฆุน ุงูุฐู ูุงููุฏุฑ ุจุซูู,0
LZQPQhLyRh80UYxNuaDWhIGQYNQ96IuCg-AYWqNPjpU,Dovydas Baranauskas,2014-11-07 14:29:19,ุดุงูุฏ ุงูุงู ูุจู ุงูุญุฐู ุฑุฌู ูุฐูุจ ูุงุดูุง ูู ุฌููุจ ุงูุฑูููุง ุงูู ุงุณุชุงุฏ ุงููุงูุฑุฉ,1
LZQPQhLyRh80UYxNuaDWhIGQYNQ96IuCg-AYWqNPjpU,์๊ด์ฉ,2014-11-07 15:14:48,ุฃูุถู ูู ูุชุญุฏุซ ุนู ุงููุชุจ ูููุฎุตูุง .. ุงุณุชูุฑ,0
LZQPQhLyRh80UYxNuaDWhIGQYNQ96IuCg-AYWqNPjpU,sagar basnet,2014-11-07 15:31:25,ูุงุตุฑ ุงูุฑูุฏ ูุชุงุจ ูุงุชุชูู ุตูุงู,0
LZQPQhLyRh80UYxNuaDWhIGQYNQ96IuCg-AYWqNPjpU,Vitor Belliny,2014-11-07 15:43:29,"ููุฑูู ุจููููุฉ ููููุฒ "" ุฃูุช ุชุฑู ูููู ูุง ุชูุงุญุธ ููุง ูููู ุงููุงุฑู """,0
LZQPQhLyRh80UYxNuaDWhIGQYNQ96IuCg-AYWqNPjpU,Gianpaolo T,2014-11-07 15:58:09,ุฃูุง ููุช ููุชุจู ูุน ุนุฏุฏ ุงูุชูุฑูุฑุงุช ู ูุน ุฐูู ุดูุช ุงูุบูุฑููุง ุนุงุฏู,0
LZQPQhLyRh80UYxNuaDWhIGQYNQ96IuCg-AYWqNPjpU,josson 64,2014-11-07 15:58:57,ุญููุฉ ุฑุงุฆุนุฉ ูุงููุนุชุงุฏ,0
LZQPQhLyRh80UYxNuaDWhIGQYNQ96IuCg-AYWqNPjpU,Isuzu,2014-11-07 16:38:47,ูุงุดุงุก ุงููู ุงูู ูุฑูุชูุง ุงูููุทุน ููุงูุชูู ูู 15 ุชูุฑูุฑุฉ ููุช ูุจูู ุซูุฉ ููุงูุงุญุธุชู ุญุงุฌุฉ ุ ูุงูุช ููู ุบูุฑููุง ูุดุช ุจูููู ูุฑุงุญุช ุ (ุงูุตุฏูุช),0
LZQPQhLyRh80UYxNuaDWhIGQYNQ96IuCg-AYWqNPjpU,jayson calzado,2014-11-07 17:03:01,ูุง ูุงุตุฑ ููุชุธุฑู ูู ุฏูุจุงูููุงููู,0
LZQPQhLyRh80UYxNuaDWhIGQYNQ96IuCg-AYWqNPjpU,O sรกbio das 7 eras,2014-11-07 17:06:48,ุงุฏุฎู ุนูู ุงูุจุซ ุงููุจุงุดุฑ ุงูุงู๐๐,1
LZQPQhLyRh80UYxNuaDWhIGQYNQ96IuCg-AYWqNPjpU,Pro Video,2014-11-07 17:53:51,ุงุฑุณู ุงูุฃู ุญูู ุงู ุฏุฑูู ูุฑูู 15715 ููุญุตูู ุนูู 15000 ุฏููุงุฑ ูู ุงูุงุณุจูุน ุงููุงุญุฏ,1
LZQPQhLyRh80UYxNuaDWhIGQYNQ96IuCg-AYWqNPjpU,Vepi road to TIx,2014-11-07 17:54:36,ุจุญูุงุชู ุจุชุดูู ูุซูุฑ ูุงุณ ุชุชููุณู ูุฃุบูุจูู ูู ุฌูู..ุจุณ ุญุชู ุชูุฑู ุจูู ุงููู ูุนุฑู ูุงููู ูุงุ ูุงุฒู ุชูุฑุฃ ูุชุงุจ ุงูุบูุฑููุง ุงูุฎููุฉ ุงููู ุจุชุชุนุฑู ุนูููู ุฃูุซุฑ ูุจุชูุตุฏู ุฃู ููู ุฃููุงุน ููุงู!,0
LZQPQhLyRh80UYxNuaDWhIGQYNQ96IuCg-AYWqNPjpU,Bert Dionne,2014-11-07 18:05:40,ุฏุงุฆูุข ูุชุฃูู ูุงุตุฑ,0
LZQPQhLyRh80UYxNuaDWhIGQYNQ96IuCg-AYWqNPjpU,no honesty,2014-11-07 18:11:06,ูุงููู ูุง ุฎููุง ูุงุตุฑ ุงูุช ููุงู โค๏ธ ู ุฅูุณุงู ูุตูุญ ูุง ุดุงุก ุงููู ๐น ุงููู ูููุฑู ๐คฒ ูู ุงูุงุญุชุฑุงู ู ุงูุชูุฏูุฑ ูู ุงูุฌุฒุงุฆุฑ,0
LZQPQhLyRh80UYxNuaDWhIGQYNQ96IuCg-AYWqNPjpU,LaunchPad Mad,2014-11-07 18:11:56,ุงูุชูุช ุจุทุงูุชู ุงูุงุชูุงููู ููููู ุงูุชุญุฏูุซ ุงูุงู ูู ุฎูุงู ุงูุฑุงุจุท ุงูุชุงูู:,1
LZQPQhLyRh80UYxNuaDWhIGQYNQ96IuCg-AYWqNPjpU,Aj Riberal,2014-11-07 18:52:29,ุฏุงุฆูุง  ูุจุฏุน ูู ุงูุตุงู ุงููุนูููู ูุงููุนุฑูู,0
LZQPQhLyRh80UYxNuaDWhIGQYNQ96IuCg-AYWqNPjpU,SRK FAN,2014-11-07 19:18:25,ุงูุถู ููุงุฉ ุทุญุช ุนูููุง ูุฐู ุงููุชุฑู ูููุง ูู ุงููุงุณ ุงููู ุงุญุจ ุงุชุงุจุนูู ูุงุณุชููุฏ ูููู ุดูุฑุง ูุฑู,0
LZQPQhLyRh80UYxNuaDWhIGQYNQ96IuCg-AYWqNPjpU,Ben Stalker,2014-11-07 19:27:45,ููู ุงุตุงุฑุญู ุงุณุชุงุฐ ูุงุตุฑ ุงูู ุดูุช ุงูุบูุฑููุง ูู ุงูู ูุฑู ,0
LZQPQhLyRh80UYxNuaDWhIGQYNQ96IuCg-AYWqNPjpU,xxxTheMikeTxxx,2014-11-07 19:33:03,ุงุญุจุจุช ุซูุงูุชู ูุงููุชุจ ู ูุญุชูุงู,0
LZQPQhLyRh80UYxNuaDWhIGQYNQ96IuCg-AYWqNPjpU,Kemal Kurtoglu,2014-11-07 19:33:46,ููุญุตูู ุนูู ุงูููู ูุฌุงูุง ุงุถุบุท ุนูู ุงูุฑุงุจุท ุงูุชุงูู ุงูุงู,1
LZQPQhLyRh80UYxNuaDWhIGQYNQ96IuCg-AYWqNPjpU,ahmed khalifa,2014-11-07 19:45:26,ุฃูุถู ููุฏู ูุญุชูู ุนุฑุจู,0
LZQPQhLyRh80UYxNuaDWhIGQYNQ96IuCg-AYWqNPjpU,Adele Lupei,2014-11-07 19:47:06,ุงุชููู ุงูุชูุฒูู ุงููุณุชูุฑ ูุงู ูุงุฐุง ุงููุญุชูู ุฑุงุฆุนุฉ ููููููุฏ ุฌุฏุง,0
LZQPQhLyRh80UYxNuaDWhIGQYNQ96IuCg-AYWqNPjpU,Daniel Istrati,2014-11-07 19:47:16,ุงููุง  ูุงู ุญุงูู ุงูุณ ุงุณูุง ูู ุงูุงู ูููู ุจูุถู ููุชุฌ  ูุนูุงุฌ ุงูุงูุงู ุงูููุณูู ููุดุฑูู ูุงุฑููุง ุงูุง ุงูุงู ุจุญุงู ุงูุถู ููููู ุดุฑุงุคู ุงูุงู ูู ุงููุชุฌุฑ ูู ุฎูุงู:,1
LZQPQhLyRh80UYxNuaDWhIGQYNQ96IuCg-AYWqNPjpU,Stronzo Chicheritr,2014-11-07 20:01:15,"ุงููู ุนููู 
ุญุจูุจู ูุงููู ุญููุฉ ุงุณุทูุฑูุฉ",0
LZQPQhLyRh80UYxNuaDWhIGQYNQ96IuCg-AYWqNPjpU,none dies virgin life fucks us all,2014-11-07 20:05:35,ูุชุญูุณู ููุญููู ุงููุฏ ุฑุญ ุชููู ูุชููุฒู ูุงูุนุงุฏู ููุงุฉ ูุฑูุฏู ูุงุฏุฑ ูุชููุฒ,0
LZQPQhLyRh80UYxNuaDWhIGQYNQ96IuCg-AYWqNPjpU,JakeFrostMiner Palanca,2014-11-07 20:12:11,ููุงุทุนู ุงุดุจู ุจุฑูุชูู ูููู ,0
LZQPQhLyRh80UYxNuaDWhIGQYNQ96IuCg-AYWqNPjpU,Tee Tee,2014-11-07 20:16:51,ูุงุตุฑ ุงูุนูููู ุดุฎุตูุฉ ุฑุงุฆุนุฉ ุญูุงู,0
LZQPQhLyRh80UYxNuaDWhIGQYNQ96IuCg-AYWqNPjpU,Oopsthenameistoolong Oh well,2014-11-07 20:18:19,ุฑุบู ุฃูู ูุชุฃุซุฑ ุจุฑููุงู ุงูุชูููู ูููู ุฐู ูุฑูุฒูุง ูุทููุฉ ูููู ูุดุฑูู ููุซูุงูุฉ ุจูู ุฌูู ุงูุดุจุงุจ ุจุงุฑู ุงููู ูููู ,0
LZQPQhLyRh80UYxNuaDWhIGQYNQ96IuCg-AYWqNPjpU,witsnow roxiie,2014-11-07 20:45:32,ุจุชููู ููุซุฑ ููู ูุญุชูู ูู ุงููุฌุชูุน ุงูุนุฑุจู,0
LZQPQhLyRh80UYxNuaDWhIGQYNQ96IuCg-AYWqNPjpU,johan gade,2014-11-07 21:06:36,ูู ุฃุนุดู ูุฐุง ุงูุจุฑูุงูุฌ ู ููุฑูุฒูุง ุงูููุฏู ู ุฑูุนุฉ ุงูุฅูุชุงุฌ ู ุงูุณุฑุฏ . ุญูุงูู ูุงุตุฑ ุงูุนููู ุฃุตุจุญ ูุตุฏุฑุงู ููุฅููุงู ,0
LZQPQhLyRh80UYxNuaDWhIGQYNQ96IuCg-AYWqNPjpU,2666playboy,2014-11-07 21:39:21,ูููู ูุชุงุจุนุฉ๐๐ฅน๐๐ป,1
LZQPQhLyRh80UYxNuaDWhIGQYNQ96IuCg-AYWqNPjpU,Melissa Harmon,2014-11-07 22:01:04,ูุงุตุฑ ุงูุนููู ูู ูุงุฌูุฉ ุงูููุทุน ุ ูุนูู ุชุฏุฎู ุงูููุทุน ูุชุณูู ูุงูู ูุจู ุชุดููู ูุงูู ูุชุงูุฏ ุงูู ูุณุชุญูู ุชุดูู ููุทุน ุนุงุฏู ! ุนุธูู ูุง ูุงุตุฑ ููุฌุงุญู ููุณ ุงูุฌููุน ูุชุฃุซูุฑู ุนูู ุงููุซูุฑ ุงููุซููุฑุฑุฑ ุดูุฑุง ูู ูุงุตุฑ ูุดูุฑุง ููู ูู ูุฏุนูู,0
LZQPQhLyRh80UYxNuaDWhIGQYNQ96IuCg-AYWqNPjpU,Eddie Murphy,2014-11-07 22:19:03,ุญููุฉ ุฌูููุฉ ูู ููุฑุฉ ุจููุงูููู,0
LZQPQhLyRh80UYxNuaDWhIGQYNQ96IuCg-AYWqNPjpU,Alucard Hellsing,2014-11-07 22:21:29,ุงุนุชูุฏ ุงู ุงูุงุฒูู ูู ุงููู ูููู ูุณุชุบูู ุนููุง ูุงูู ุนูุฏูุง ุณุชุฎุชูู ุณุชุธูุฑ ูุฆุงุช ุงูููุงูุน ุงูุตุบูุฑุฉ ุงูุชู ุชูุฏู ููุณ ุงูุฎุฏูุฉ,0
LZQPQhLyRh80UYxNuaDWhIGQYNQ96IuCg-AYWqNPjpU,John Plaatt,2014-11-07 22:22:29,"
ุงูุถู ุดุฎุตูุฉ ูู ุชูุฏูู ุงู ูุนูููุงุช ูู ุงู ูุงุญูุฉ 
ุงูุถุงู ููุตูู ุงููุนูููุงุช ุจุทุฑููุฉ ููุชุนุฉ ุฌุฏุงู ุจุฏูู ู ุชูู ูู ุดุฑุญุฉ ุงุจุฏุงู 
ูุงูุซุฑ ุดุฎุต ุบูุฑ ุญูุงุชู ูู ูุงุตุฑ ุงูุนููู ุงุดูุฑู ูู ุงุนูุงู ููุจู",0
LZQPQhLyRh80UYxNuaDWhIGQYNQ96IuCg-AYWqNPjpU,YOU ARE NOW WASTING SECONDS OF YOUR LIFE BY READING THIS LONG STUPID NAME WHICH MAKES NO SENSE!,2014-11-07 22:41:04,"
ุทุฑุญ ุฑุงุฆุน ูุงูุนุงุฏุฉุ ุดุงูุฑุฉ ุฌููุฏูู ุฌููุนูุง 
ุงูุณุคุงู ููุ ูู ููู ููุฏูุง ุงูุงุฏููู ุงุณุชุญูุฐุช ุนูู ูุงุตุฑ ุงูุนููู ",0
LZQPQhLyRh80UYxNuaDWhIGQYNQ96IuCg-AYWqNPjpU,juanmanuel cespedes,2014-11-07 22:59:13,ูู ุงูุดุฑูุงุช ููุฏุฑ ูุณุชุบูู ุนููุง ุญููุฉ ุฑุงุฆุนุฉ ูุงูุนุงุฏุฉ,0
LZQPQhLyRh80UYxNuaDWhIGQYNQ96IuCg-AYWqNPjpU,Kirill Nazarethian,2014-11-07 22:59:37,"
ุฃุดูุฑู ุนุจุฏุงููู ุนูู ูุฐู ุงูุญููู ุงูุฌูููู โค๏ธ๐ ุญูููู ุงุณุชูุชุนุช ุฌุฏุงู ุจุณูุงุน ูุตุฉ ูุงุตุฑ ุ ูุฃุณููุจู ุงูุฌููู ูู ุทุฑุญ ุงูุฃุณุฆูุฉ โค๏ธโค๏ธ",0
LZQPQhLyRh80UYxNuaDWhIGQYNQ96IuCg-AYWqNPjpU,King uzzy,2014-11-07 23:19:08,ุงููุฑุงุกุฉ ุชุบูุฑ ุงูุงูุณุงู ุจุดูู ูุฐุฐูู ูุณุงุญุฑ ..ูุงุดุงุก ุงููู ุนููู,0
LZQPQhLyRh80UYxNuaDWhIGQYNQ96IuCg-AYWqNPjpU,Gio D.,2014-11-07 23:23:54,ุณุชุบุฑุจู ููู ููุขู ูุงุณูููู ุจุฑูุงูุฌ ูู ุงูุชููุฒููู ุ ุฌุฏ ูุงุดุงุก ุงููู ููู ูุจุงูู ูุฅุญุชุฑุงู ููุถูู ุบูุฑ ุทุจูุนู ุญุชู ุงุณุฃูุชู ูู ููุงููุง ุงูุตุญูุญ ุฑุจู ูุณุนุฏู ู ุนุจุฏุงููู ูููููู ููู ูุงุฑุญุช,0
LZQPQhLyRh80UYxNuaDWhIGQYNQ96IuCg-AYWqNPjpU,anthony Jennings,2014-11-07 23:26:04,"
ุดูุช ุงูุญููุฉ ูู ุตุจุงุญ ุงูุนูุฏ! ุญููุฉ ุฌูููุฉ ุฌุฏุง ูููู ุงุนุฌุจุชููู ูู ูุฐุง ุงูุญูุงุฑ ุงูุฑุงูู ูุงูุฑุงููุ ููุงุตุฑ ุงุธูุฑ ุฏุฑุฌุฉ ุนุงููู ูู ุงููุถุฌ ุนูุฏูุง ุชุญุฏุซ ุนู ูุณุชูู ุงุฏุฑุงูู ูุฐุงุชู.. ูู ุนุงู ูุงูุชู ุจุฎูุฑ:",0
LZQPQhLyRh80UYxNuaDWhIGQYNQ96IuCg-AYWqNPjpU,TheLegitBroz,2014-11-08 0:26:35,ุดูุฑุข ูุง ุงุฎ ุนุจุฏุงููู ูู ุงุณุชุถุงูุฉ ูุฐู ุงูุดุงุจ ุงูุทููุญ ูุงุตุฑ ุงูุนููู ุงูุฐู ุดุฌุนูู ุนูู ุชุญุฏู ุงููุตุงุนุจ ู ุฌุนููู ุงููุฒ ููุฒุฉ ุงูุฏููููู(ูุชุงุจุนู ูู ุงูุณูุฏุงู ) ููู ุงูุชุญูุฉ ูุงูุชูุฏูุฑ ูุงูุงุญุชุฑุงู,0
LZQPQhLyRh80UYxNuaDWhIGQYNQ96IuCg-AYWqNPjpU,mindaugux,2014-11-08 0:36:31,ูุงูุดุฎุต ุงูุฌููู ูุงู ุฏุงูุน ูุนููู ุงูู ุงุทูุฑ ูู ุญูุงุชู ูุดุฎุตูุชู ููุง ุฒูุช ุงุชุนูู ุ ุบูุฑูู ููุฃูุถู ุดูุฑุงู ูุงุตุฑ ุนููู,0
LZQPQhLyRh80UYxNuaDWhIGQYNQ96IuCg-AYWqNPjpU,Bert Ernie,2014-11-08 0:45:40,"""ุณุฃุธูู ุฌุงููุง ูุง ุฏูุชู ุงุฏุนู ุงููุนุฑูุฉ""
-ูุงุตุฑ ุงูุนููู",0
LZQPQhLyRh80UYxNuaDWhIGQYNQ96IuCg-AYWqNPjpU,Tabby Ghani,2014-11-08 1:28:58,ุงุนุชุฑู ุงู ุงูููุทุน ุฃุซุฑ ูููู ูุฏุฑุฌุฉ ุงุญุงูู ุงุชูุงูู ุฏูุนุงุช ุนููู .. ุดูุฑุงู ุนุจุฏุงููู ุดูุฑุงู ูุงุตุฑ ..,0
LZQPQhLyRh80UYxNuaDWhIGQYNQ96IuCg-AYWqNPjpU,UKz DoleSnacher,2014-11-08 2:18:42,ุฃูุซุฑ ุดุฎุต ุดุฌุนูู ุนูู ุงูุชุบููุฑ ูุงูุจุญุซ ุนู ุงูุชุทูุฑ ูู ุงูุญูุงุฉ ูู ูุงุตุฑ ุนููู,0
LZQPQhLyRh80UYxNuaDWhIGQYNQ96IuCg-AYWqNPjpU,JD COKE,2014-11-08 2:24:02,ุงุฑุณู ุงูุฃู ุญูู ุงู ุฏุฑูู ูุฑูู 15715 ููุญุตูู ุนูู 15000 ุฏููุงุฑ ูู ุงูุงุณุจูุน ุงููุงุญุฏ,1
LZQPQhLyRh80UYxNuaDWhIGQYNQ96IuCg-AYWqNPjpU,Joaco Remis,2014-11-08 2:29:17,ูุงุตุฑ ุงูุณุงู ุนุฑุจู ูููุฒ ุฌุฏุงู .. ุงููู ููููู ุงุฎูู ููุดุฑุญ ุตุฏุฑู ููููุฑ ุจุตูุฑุชู ููุงุฑุจ ุชุทูุน ูู ูุฐู ุงูุชุฌุฑุจู ููุฌุงุญุงุช ุงูุซุฑ ุจุงุฐู ุงููู โค ุงูุช ุงูุณุงู ุฐู ุงุซุฑ ุทูุจ ุฌุฏุงู ููู ููุฒุงู ุญุณูุงุชู .. ูุงููู ูุง ุชุทูู ูููุง ููุชุธุฑู ูู ุฏูุจุงูููุงููู ,0
LZQPQhLyRh80UYxNuaDWhIGQYNQ96IuCg-AYWqNPjpU,TheRogueScorpion,2014-11-08 2:45:12,ูุงุตุฑ ..ุงุฑูุน ูู ุงููุจุนุฉ..ูุงูุช ูููุฒ ูุนูุง ุนูู ุงูุตุนูุฏ ุงููููู ูุงููุงูุนู ููุฒูุฏุง ูู ุงูุชุงูู ูุงูู ุดูุฑ ุนูู ุงููุฌููุฏ ุงูุฐู ุชุจุฐูู,0
LZQPQhLyRh80UYxNuaDWhIGQYNQ96IuCg-AYWqNPjpU,John Schmidt,2014-11-08 2:58:48,"ุงุฎูู ูุงุตุฑ ุงูุนููู
ุงูุณุงู ูุฏุฎู ุงูููุจ ุจุฏูู ุงุณุชุฃุฐุงู 
ููุฑุถ ูุญุจุชู ุนูู ุงูุฌููุน .. ุงููู ููููู ุงุฎูู ูุงุตุฑ ูุฑุจู ููุฏ ุจุนูุฑู ููุฏูู ุนููู ุงูุตุญู ูุงูุนุงููู",0
LZQPQhLyRh80UYxNuaDWhIGQYNQ96IuCg-AYWqNPjpU,Sean Deko,2014-11-08 3:08:58,ุงููู ูุนุทูู ุงูุนุงููุฉ ูุง ูุงุตุฑ ุจุตุฑุงุญุฉ ุญูุงุชู ุงููู ูุฑูุช ูููุง ูู ุญูุงุฉ ุทุจูุนูุฉ ููุนุธู ุงูุทูุงุจ ุงูุฌุงูุนููู ูู ุงูุงุฑุฏู,0
LZQPQhLyRh80UYxNuaDWhIGQYNQ96IuCg-AYWqNPjpU,Nikolay Tekuchev,2014-11-08 3:09:11,ุฃูุซุฑ ุดุฎุตูู ุฃุญุจูู ุงุฌุชูุนูุง.. ุญููุฉ ูุฎูุฉ ุฌุฏุง,0
LZQPQhLyRh80UYxNuaDWhIGQYNQ96IuCg-AYWqNPjpU,PinkyThePuppyProductions,2014-11-08 3:11:40,ูุงุตุฑ ุบูุฑ ุญูุงุชู ูุญูุงุฉ ุฒูุฌุชู ููุฃูุถู ููุงุฒุงู ูุดุฌุนูุง ูุนูู ุงูุฃูุถู ูู ููู,0
LZQPQhLyRh80UYxNuaDWhIGQYNQ96IuCg-AYWqNPjpU,Sev3617,2014-11-08 3:15:09,ุงููู ูุนุทูู ุงูุนุงููุฉ ูุง ูุงุตุฑ ุจุตุฑุงุญุฉ ุญูุงุชู ุงููู ูุฑูุช ูููุง ูู ุญูุงุฉ ุทุจูุนูุฉ ููุนุธู ุงูุทูุงุจ ุงูุฌุงูุนููู ูู ุงูุงุฑุฏู,0
LZQPQhLyRh80UYxNuaDWhIGQYNQ96IuCg-AYWqNPjpU,Gema LR,2014-11-08 3:26:51,ุฃูุซุฑ ุดุฎุตูู ุฃุญุจูู ุงุฌุชูุนูุง.. ุญููุฉ ูุฎูุฉ ุฌุฏุง,0
LZQPQhLyRh80UYxNuaDWhIGQYNQ96IuCg-AYWqNPjpU,Dana Matich,2014-11-08 3:32:55,ุงุฑุณู ุงูุฃู ุญูู ุงู ุฏุฑูู ูุฑูู 15715 ููุญุตูู ุนูู 15000 ุฏููุงุฑ ูู ุงูุงุณุจูุน ุงููุงุญุฏ,1
LZQPQhLyRh80UYxNuaDWhIGQYNQ96IuCg-AYWqNPjpU,Angela Flemming,2014-11-08 3:46:33,ูุฑูุช ุจูุซู ูุงุฐ ุงูุชุฌุฑุจุฉ ูู ุณููุฉ ุจุณ ุชุงุฎุฏู ูููุฉ ุงูุณุจุฑูุณ ุจุงููุนู ุงูุฑูุญู.... ุณุจุญุงู ุงูุฐู ุฒุฑุน ูุญุจุชู ูู ูููุจ ุฎููู ูุง ูุงุตุฑ,0
LZQPQhLyRh80UYxNuaDWhIGQYNQ96IuCg-AYWqNPjpU,itzquiffer,2014-11-08 3:47:23,"
ุงููู ูู ุฃูุช ูุคุฏุจ ุฒูุงุงุงุฏุฉ ูุง ุนุจุฏ ุงููู ",0
LZQPQhLyRh80UYxNuaDWhIGQYNQ96IuCg-AYWqNPjpU,The Bibliophile Flautist,2014-11-08 3:49:38,ุงูุชูุช ุจุทุงูุชู ุงูุงุชูุงููู ููููู ุงูุชุญุฏูุซ ุงูุงู ูู ุฎูุงู ุงูุฑุงุจุท ุงูุชุงูู:,1
LZQPQhLyRh80UYxNuaDWhIGQYNQ96IuCg-AYWqNPjpU,Wilfredo Latorre,2014-11-08 4:02:29,ูุงุตุฑ ุงูุนููู ุดุฎุต ูุงูุชูุฑุฑ ุงููู ููููู ูููุงุชู ูู ุฃูู ุงููููุงุช ูุฃูุชุฑุง ุฅูุงุฏุฉ ูุดูุฑ ูู ุงูููุจ ุนูู ุชุนุจู ูุชูุฏูู ูุฐุง ุงููุญุชูู,0
LZQPQhLyRh80UYxNuaDWhIGQYNQ96IuCg-AYWqNPjpU,Tornike Noniashvili,2014-11-08 4:08:09,ุงููุง  ูุงู ุญุงูู ุงูุณ ุงุณูุง ูู ุงูุงู ูููู ุจูุถู ููุชุฌ  ูุนูุงุฌ ุงูุงูุงู ุงูููุณูู ููุดุฑูู ูุงุฑููุง ุงูุง ุงูุงู ุจุญุงู ุงูุถู ููููู ุดุฑุงุคู ุงูุงู ูู ุงููุชุฌุฑ ูู ุฎูุงู:,1
LZQPQhLyRh80UYxNuaDWhIGQYNQ96IuCg-AYWqNPjpU,Diana Roque,2014-11-08 4:43:22,ูููู ุญุงุฌู ุฌูููุฉ ุฌุฏุง ุฃู ุชุณูุน ูุตุฉ ูุฌุงุญ ุดุฎุต ุฌููู ูุฏุ ู ุงูุดุบู ูุนูุงู ุฃุซูุงุก ุงูุฏุฑุงุณู ุญูู,0
LZQPQhLyRh80UYxNuaDWhIGQYNQ96IuCg-AYWqNPjpU,bruno jovao,2014-11-08 4:51:38,ูุงุตุฑ ูู ุงูุฃุดุฎุงุต ุงููููููู ูุงููู ุชุงุฑููู ุฃุซุฑ ุฌูุฏ ุจุงูุฃุดุฎุงุต .. ุงุณุชูุชุนุช ูุฃูุง ุงุณูุน ูุตุชู ุงููู ููููู ููููุฑ ูู,0
LZQPQhLyRh80UYxNuaDWhIGQYNQ96IuCg-AYWqNPjpU,Spencer Clark,2014-11-08 5:29:26,ุฐูุฑูู ุจููุณู ูู ูขููกูฉุฏุฎูุช ุจุนุฒูุฉ ูุทูุนุช ุงูุงู ุจูขููขูขุงุฎุฑูุง ุจุดุฎุตูุฉ ููุจุงุฏุฆ ุงุฎุฑู ููุฏุฑ ูููู ุงู ูุงูุชุบูุฑ ุฑุงุญ ูููู ุจุตุงูุญู ูุจุฏุงูุฉ ุชุนูุฑุงุช ูุญูุงุฉ ุฌุฏูุฏุฉ ุดูุฑุง ููู ุงูุชุญููุฒ ุจููุชู,0
LZQPQhLyRh80UYxNuaDWhIGQYNQ96IuCg-AYWqNPjpU,Haley Harmicar,2014-11-08 5:35:42,ูู ุงุฌูู ุงูุดุฎุตูุงุช ุงูุง ูุฑุช ุนููู ุจุงููุชุฑู ุงูุงุฎูุฑู ููู ุทุงูู ุฎูุฑุงููู ููุชุญููุฒ ูุงุดุงุกุงููู ุนููู,0
LZQPQhLyRh80UYxNuaDWhIGQYNQ96IuCg-AYWqNPjpU,Kincaid Liebenberg,2014-11-08 5:36:38,"
ุณุจุญุงู ุงููู ููู ุดูุช ุงุณู ูุงุตุฑ ุงูุนููู ุญุณูุช ุจูุฑุญ ุญุฑููุง ุงุชุงุจุน ุงูุญููุงุช ุญูุธุง ูู ูุซุฑ ูุงุงุญุจ ุงูููุณูู ูุงูููุถูุน ุนุงุฌุจูู ุงููู ููููู ูุงุฑุจ ",0
LZQPQhLyRh80UYxNuaDWhIGQYNQ96IuCg-AYWqNPjpU,CHILD,2014-11-08 5:46:31,"
ูุงููู ููุง ุชูููุช ุนู ูุตุฉ ุชุนุจู  ูุง ุฃุณุชุงุฐ ูุงุตุฑ ุชุฐูุฑุช ูุถุนู ุ ููู ุงูุตูู ูุง ุฃุณุชุงุฐ ูุงุตุฑ ูุง ุชุบูู ุนู ุชุญุตูู ุฃุฐูุงุฑ ุงูุตุจุงุญ ู ุงููุณุงุก  ููุณู ู ุงูุฑููุฉ ุฎุงุตู ุณูุฑู ุงูุจูุฑู ุจุนุฏ ูุถู ุงููู ุงุฌุชุฒุช ุชูู ุงููุฑุญูู ุจูุง",0
LZQPQhLyRh80UYxNuaDWhIGQYNQ96IuCg-AYWqNPjpU,CustomerService GM,2014-11-08 5:52:30,ูุตู ุงูุฃู ููุชุฌ ุฑุงุฆุน ูู ุงูุตูู ูุฌุฑูุญ ุงูุงุตุงุจุน ููููู ุดุฑุงุฆู ูู ุฎูุงุงู ุงูุฑุงุจุท ุงูุชุงูู,1
LZQPQhLyRh80UYxNuaDWhIGQYNQ96IuCg-AYWqNPjpU,sahil samal,2014-11-08 6:28:01,ุงุณุชุงุฐ ุนุจุฏุงููู ุงูุญููุฉ ุฑุงุงุงุงุงุงุงุงุงุฆุนุฉ ุฌุฏุง ูุดุฎุตูุชู ุญููุฉ ูู ุงูุญูุงุฑ ูุถูููู ูููุฒูู ูุนูุง ุงุณุชูุชุน ุจูู ูุญุธุฉ ูู ุจุฑูุงูุฌู ุงููู ููููู ูุงูุช ุชุฑุง ูู ุณู ููุฏู ุงููู ูุญูุธูู,0
LZQPQhLyRh80UYxNuaDWhIGQYNQ96IuCg-AYWqNPjpU,Doris Chew,2014-11-08 6:29:16,ูุงุตุฑ ุดุฎุต ุดุจู ูุงูู . ููุทู- ุชูููุฑ- ุงุชุฒุงู-ุฑุคูุฉ-ูุณุชูุจุท ููุง ุญููู ูููุณุจ . ูุณุชูุชุน ูููุณุจ. ููุณ ูุงุฑุบ ุญุชู ููู ูุฑุงูู ุญูุงุฑ ุชุฃููุจ ุงูุถููุฑ ูุญููู.. ุฏุฑุจ ุงูุณุนุงุฏุฉ ูุง ูุงุตุฑ ( ุงุญุจู ูู ุงููู ),0
LZQPQhLyRh80UYxNuaDWhIGQYNQ96IuCg-AYWqNPjpU,hunter braddock,2014-11-08 6:36:41,ูุฐุง ุงูุงูุณุงู ูุนุฌุฒ ุงููุณุงู ุนู ุงูุชุนุจูุฑ ุญูุง ููุฏ ูุงู ุณุจุจ ูู ุชุบููุฑ ุงูุฃูุงู ูุงุดุงุก ุงููู ุชุจุงุฑู ุงูุฑุญูู,0
LZQPQhLyRh80UYxNuaDWhIGQYNQ96IuCg-AYWqNPjpU,Arrestme11,2014-11-08 6:50:39,ุฃุณุชูุชุนุช ุจุงูุญููุฉ ุ ุดูุฑูุง ูุงุตุฑ ุดูุฑูุง ุนุจุฏููู ุดูุฑูุง ูุนุงุฐ *ุงููุตูุฑ,0
LZQPQhLyRh80UYxNuaDWhIGQYNQ96IuCg-AYWqNPjpU,The O'dowd Crowd,2014-11-08 6:53:38,ุงุฏุฎู ุงูุณุญุจ ุงูุงู ูุชููุฒ ุจุงููุซูุฑ ูู ุงูุฌูุงุฆุฒ ูุงููุฏุงูุง ุนู ุทุฑูู ุงูุฑุงุจุท ุงูุชุงูู,1
LZQPQhLyRh80UYxNuaDWhIGQYNQ96IuCg-AYWqNPjpU,FaceTheFacts,2014-11-08 7:07:44,ุนูุฏ ุฅูุชูุงุก ุดุฎุตูู ุฐูู ุซูุงูุฉ ุนุงููุฉ ูุฐูู ุชูููุฑ ุฑุงูู ูุชุญุตู ุนูู ูุญุงุฏุซุฉ ูุซู ูุฐูุ ูุง ุดุงุก ุงููู,0
LZQPQhLyRh80UYxNuaDWhIGQYNQ96IuCg-AYWqNPjpU,x Judda,2014-11-08 7:19:29,ูุชุนูุฏู ุนูู ุงููุญุงุถุฑุงุช ุงุณูููุง 2x ูุณู ุงุฑูุฏ ุงุณูุน ูุฐุง ุงูููุงุก ุจุดูู ุนุงุฏู ุจุณ ูุง ุงูุฏุฑ ุงูุง ุงุณุฑุน ุงูููุฏูู,0
LZQPQhLyRh80UYxNuaDWhIGQYNQ96IuCg-AYWqNPjpU,Kelsey bolley,2014-11-08 7:25:39,ุงูุญููุฉ ุฑุงุฆุนู ูุฑุบู ูุตุฑูุง ููู ููู ุงููุซูุฑ ูู ุงูููู ูุงูููุงุฆุฏุุญููุฉ ูุง ุชูุฏู ุฅูู ุชุดูููุง ููุง ุชุนุชุจุฑ ุถูุงุน ูููุชู ูุงูุฃูู ุฅููุง ูู ุฏูู ููุณููู ุฃุดูุฑู ุนุจุฏุงููู ููุดูุฑ ูุงุตุฑ ุงูุนููู ุนูู ุณูุงุณุฉ ุทุฑุญู ูุฑูุญู ุงูุฌูููุฉ ุชุจุงุฑู ุงููู,0
LZQPQhLyRh80UYxNuaDWhIGQYNQ96IuCg-AYWqNPjpU,Markus Mairhofer,2014-11-08 8:49:47,ุงุฏุฎู ุงูุณุญุจ ุงูุงู ูุชููุฒ ุจุงููุซูุฑ ูู ุงูุฌูุงุฆุฒ ูุงููุฏุงูุง ุนู ุทุฑูู ุงูุฑุงุจุท ุงูุชุงูู,1
LZQPQhLyRh80UYxNuaDWhIGQYNQ96IuCg-AYWqNPjpU,Wert Walleet,2014-11-08 9:15:22,ูู ุฃุฌูู ุงูุญููุงุช ุงููู ุชุงุจุนุชูุง .. ุชุงุจุนุชูุง ุจุตูุงุก ุฐูู ู ุงูุญูุฏููู ุฅูู ุฎููุชูุง ููุงูุฃุฉ ูููุณู ูู ุซุงูู ุฃูุงู ุนูุฏ ุงููุทุฑ .. ุดูุฑุงู ููู,0
LZQPQhLyRh80UYxNuaDWhIGQYNQ96IuCg-AYWqNPjpU,Hollz C,2014-11-08 9:17:52,"
ูุชูุฑ ุจุญุชุฑูู ู ูุงู ุดุจ ู ุงูุง ูู ูุฏููู ุงููุฑุงุกุฉ ู ุจุญุจ ุงุฑุฌุน ุนูุฏ ููุฎุตุงุช ูุชุจู ู ุจูุตุญ ูู ุงูุณุงู ูุชุงุจุน ููุงุชู ูุนูู ุจููุฎุตูู ุงูู ุงููุชุจ ุจุงูุญูุงุฉ ุจุทุฑููุฉ ุณูุณุฉ ู ุจุณูุทุฉ",0
LZQPQhLyRh80UYxNuaDWhIGQYNQ96IuCg-AYWqNPjpU,The Silhouette,2014-11-08 9:25:51,ุงุญูู ุงุซููู ๐๐ููููุงุชูู ูุง ุชููู ุงููู ูุฌุนููุง ูู ููุฒุงู ุญุณูุงุชูู ู ูุจุงุฑู ููู ุจุนูููู ููู ูุงุชููููู ูุงุฑุจ ,0
LZQPQhLyRh80UYxNuaDWhIGQYNQ96IuCg-AYWqNPjpU,Agarra Mela,2014-11-08 9:32:14,ูุง ุงุฌูู ูุฐุง ุงูููุงุก,0
LZQPQhLyRh80UYxNuaDWhIGQYNQ96IuCg-AYWqNPjpU,Tedi Foto,2014-11-08 9:33:30,ุตุฑุงุญุฉ ุงูุถู ุญููุฉ ุดูุชูุง ูุงุซุฑุช ูููู ูุนูุง .. ูู ุงูุดูุฑ ูุงูุนุฑูุงู ูู ุงุฎูุ ูุงุณุชูุฑ ูู ูุซู ูุฐู ุงูุญููุงุช ุงูุงูุซุฑ ูู ุฑุงุฆุนุฉ,0
LZQPQhLyRh80UYxNuaDWhIGQYNQ96IuCg-AYWqNPjpU,StarBlade34 OverLord,2014-11-08 9:34:57,ูุงุตุฑ - ูุงููู ูุญุด ูุฑุฌู ุดุฌุงุน ู ูุฏูุฉ ููุดุจุงุจ ุ ุงูุงู ุงูุงุบูุจ ูุฑูุฌ ููุชูุงูุฉ ูู ุงูุนุงูู ุงูุนุฑุจู ู ูููู ูุซูู ูุนูู ุงููุงุณ ู ูุญูุฒูู ุนูู ุงูุนูู ูุงูุชุนููู ุจุงุณููุจ ุฑุงุฆุน,0
LZQPQhLyRh80UYxNuaDWhIGQYNQ96IuCg-AYWqNPjpU,Super Cot,2014-11-08 9:39:28, ูู ุงููุชุจ ุงูู ุดุฑุญุชูุง ูู ููุงุชู ุณุจู ู ูุฑุงุชูุง ุงู ุณูุนุชูุง ูู audible ููู ูู ุงุณูุนูุง ููู ุบูุฑ ูุงููู ุ ุจุงููู ุงุณุชูุฑ ูุง ุจุทู ููุง ุชุญุฑููุง ูู ุนููู ุงูุฌููู,0
LZQPQhLyRh80UYxNuaDWhIGQYNQ96IuCg-AYWqNPjpU,restlesswikiinfo,2014-11-08 10:03:32,ูุงูุนุงุฏุฉ ุงุณุชูุชุนุช ูุซูุฑ ุจูุงุฐู ุงูุญููุฉ ุงูุตุฑุงุญุฉ ููู ุฌูุงู ูู ุงุฏุงุฑุฉ ุงูููุงุก ู ุชููู ุงูุญุจูุจ ูุงุตุฑ ููุบุฉ ุงูุฌุณุฏ ู ููุฑุฏุงุช ู ุชุณุชูุน ููุชุฌุงุฑุจ ุงููููุฏุฉ ุงูู ูุฑ ูููุง ,0
LZQPQhLyRh80UYxNuaDWhIGQYNQ96IuCg-AYWqNPjpU,Susan Jay,2014-11-08 10:04:22,ูุงููู ุดูุฑุง ููู ูููู ูู ุงุนูุงุงู ุงููููุจุจุจ,0
LZQPQhLyRh80UYxNuaDWhIGQYNQ96IuCg-AYWqNPjpU,diego acosta,2014-11-08 10:05:27,ูุตู ุงูุฃู ููุชุฌ ุฑุงุฆุน ูู ุงูุตูู ูุฌุฑูุญ ุงูุงุตุงุจุน ููููู ุดุฑุงุฆู ูู ุฎูุงุงู ุงูุฑุงุจุท ุงูุชุงูู,1
LZQPQhLyRh80UYxNuaDWhIGQYNQ96IuCg-AYWqNPjpU,Harrys Edits,2014-11-08 10:05:40,ููุญุตูู ุนูู ุงูููู ูุฌุงูุง ุงุถุบุท ุนูู ุงูุฑุงุจุท ุงูุชุงูู ุงูุงู,1
LZQPQhLyRh80UYxNuaDWhIGQYNQ96IuCg-AYWqNPjpU,piwnugget,2014-11-08 10:12:42,ูุงููู ุงุญุจ ุงูุฃุดุฎุงุต ุงูุฑุงููุฉ ู ูุงุฏูุฉ ูุซููู. ุชุดุฌุนูุงุง ุงูุฅูุณุงู ุนูู ุงูุชุบููุฑ ูุญู ุงูุฃูุถู,0
LZQPQhLyRh80UYxNuaDWhIGQYNQ96IuCg-AYWqNPjpU,ThoseFour KidsYaay,2014-11-08 10:14:47,ูุด ูุฌุฑุฏ ุดุฎุต ุนุงุฑู ููุงู ูุจููููู..ุฏู ุดุฎุต ูุชุนูู ูู ุทุฑููู ุชูููุฑู ูุฌูู ูุธุฑู ููุฃุญุฏุงุซ..ุญููู ุฌูููู ูุนูุง ุฑุจูุง ูุณุนุฏูู,0
LZQPQhLyRh80UYxNuaDWhIGQYNQ96IuCg-AYWqNPjpU,Mia Aspinall,2014-11-08 10:30:35,ูุงููู ูุง ูุงุตุฑ ุงูุช ูุซุงู ููุดุงุจ ุงูููุงูุญ ุงููุฌุชูุฏ ูุดุฎุตูุชู ููุชุนู ูุงููุงุญุฏ ูุฏู ูุตูุฑ ุตุฏููู ,0
LZQPQhLyRh80UYxNuaDWhIGQYNQ96IuCg-AYWqNPjpU,DylsFS,2014-11-08 10:40:00,ูุตู ุงูุฃู ููุชุฌ ุฑุงุฆุน ูู ุงูุตูู ูุฌุฑูุญ ุงูุงุตุงุจุน ููููู ุดุฑุงุฆู ูู ุฎูุงุงู ุงูุฑุงุจุท ุงูุชุงูู,1
LZQPQhLyRh80UYxNuaDWhIGQYNQ96IuCg-AYWqNPjpU,"nobleMC | Minecraft, GFX and More!",2014-11-08 10:48:41,ุงุฏุฎู ุนูู ุงูุจุซ ุงููุจุงุดุฑ ุงูุงู๐๐,1
LZQPQhLyRh80UYxNuaDWhIGQYNQ96IuCg-AYWqNPjpU,zakaia ziko,2014-11-08 11:00:19,ุงููุง ุจู ุงูุง ุฑุฆูุณ ุดุฑูู ูุงูุฏููุงูุฏุฒ ููุฑูุฏู ูู ุนูู ูุจูุบ ูููุชู ุงููุซูุฑ ุงูุฑุฌุงุก ุงูุงุณุฑุงุน ูุงูุชูุงุซู ุนูู ุงูุฑูู ุงูุชุงูู:1231141452,1
LZQPQhLyRh80UYxNuaDWhIGQYNQ96IuCg-AYWqNPjpU,Praise Samuel,2014-11-08 11:10:30,ููุฑุฉ ุฃุญุชุฑุงู ูุงุตุฑ ูุฒุช ููุงูู ููุณู ุจุงูุธุจุท ูุงูุดุงููู ุงููู ุฑุงุถูู ุนู ููุณู ูุณุชูุจูุง ,0
LZQPQhLyRh80UYxNuaDWhIGQYNQ96IuCg-AYWqNPjpU,nathan robson,2014-11-08 11:20:48,ุงููุง ุจู ุงูุง ุฑุฆูุณ ุดุฑูู ูุงูุฏููุงูุฏุฒ ููุฑูุฏู ูู ุนูู ูุจูุบ ูููุชู ุงููุซูุฑ ุงูุฑุฌุงุก ุงูุงุณุฑุงุน ูุงูุชูุงุซู ุนูู ุงูุฑูู ุงูุชุงูู:1231141452,1
LZQPQhLyRh80UYxNuaDWhIGQYNQ96IuCg-AYWqNPjpU,Navin Surya,2014-11-08 11:42:57,ุงููุง  ูุงู ุญุงูู ุงูุณ ุงุณูุง ูู ุงูุงู ูููู ุจูุถู ููุชุฌ  ูุนูุงุฌ ุงูุงูุงู ุงูููุณูู ููุดุฑูู ูุงุฑููุง ุงูุง ุงูุงู ุจุญุงู ุงูุถู ููููู ุดุฑุงุคู ุงูุงู ูู ุงููุชุฌุฑ ูู ุฎูุงู:,1
LZQPQhLyRh80UYxNuaDWhIGQYNQ96IuCg-AYWqNPjpU,Bishwaroop Bhattacharjee,2014-11-08 12:34:11,ููููู ุงูุฏุฎูู ุงูู ูููุนู ุงูุฎุงุต ุงูุงู ูุงูุงุดุชุฑุงู ุจูุฐุง ุงููุญุชูู ุงูุฑุงุฆุน,1
LZQPQhLyRh80UYxNuaDWhIGQYNQ96IuCg-AYWqNPjpU,Liu Chu Yi,2014-11-08 13:12:10,ุงุฑุฌูู ุงุฏุฎู ุงูู ููุงุชู ููุง ุชูุณู ุงูุงุนุฌุงุจ ูุงููุดุงุฑูุฉ,1
LZQPQhLyRh80UYxNuaDWhIGQYNQ96IuCg-AYWqNPjpU,iKap Taz,2014-11-08 13:34:27,ูุตู ุงูุฃู ููุชุฌ ุฑุงุฆุน ูู ุงูุตูู ูุฌุฑูุญ ุงูุงุตุงุจุน ููููู ุดุฑุงุฆู ูู ุฎูุงุงู ุงูุฑุงุจุท ุงูุชุงูู,1
LZQPQhLyRh80UYxNuaDWhIGQYNQ96IuCg-AYWqNPjpU,Serkan Kaya,2014-11-08 15:27:27,ุงุฑุฌูู ุงุฏุฎู ุงูู ููุงุชู ููุง ุชูุณู ุงูุงุนุฌุงุจ ูุงููุดุงุฑูุฉ,1
LZQPQhLyRh80UYxNuaDWhIGQYNQ96IuCg-AYWqNPjpU,Bizzle Sperq,2014-11-08 15:29:46,ุงุฏุฎู ุงูุณุญุจ ุงูุงู ูุชููุฒ ุจุงููุซูุฑ ูู ุงูุฌูุงุฆุฒ ูุงููุฏุงูุง ุนู ุทุฑูู ุงูุฑุงุจุท ุงูุชุงูู,1
LZQPQhLyRh80UYxNuaDWhIGQYNQ96IuCg-AYWqNPjpU,Elieo Cardiopulmonary,2014-11-08 15:29:52,ุงุฑุฌูู ุงุฏุฎู ุงูู ููุงุชู ููุง ุชูุณู ุงูุงุนุฌุงุจ ูุงููุดุงุฑูุฉ,1
LZQPQhLyRh80UYxNuaDWhIGQYNQ96IuCg-AYWqNPjpU,Luna Gamer Potter,2014-11-09 2:42:40,ุญุฑููุง ุงูุชุฑ ูุงุญุฏ ุจููุฏู ูุญุชูู ูุชูุน ุงููุงุณ ู ูุฏ ุงูู ููุงูู ูุนูุง ุจูุฌูุจ ูุชูุฌู ู ูุฏ ุงูู ูู ุงูุณุงู ูููุณ ู ุทูุจ ุฑุจูุง ูุณุนุฏู ูู ุญูุงุชู ู ูุญูู ูู ุงููู ุนุงูุฒู ูุงุฑุจ,0
LZQPQhLyRh80UYxNuaDWhIGQYNQ96IuCg-AYWqNPjpU,Thomas sea,2014-11-09 4:49:20,ุงุฏุฎู ุงูุณุญุจ ุงูุงู ูุชููุฒ ุจุงููุซูุฑ ูู ุงูุฌูุงุฆุฒ ูุงููุฏุงูุง ุนู ุทุฑูู ุงูุฑุงุจุท ุงูุชุงูู,1
LZQPQhLyRh80UYxNuaDWhIGQYNQ96IuCg-AYWqNPjpU,This Is Really Not Lois Arceo,2014-11-10 13:25:27,ุงูุญููุฉ ููุชุนุฉ ูุฑุฑุฑุฑุฑุฉ ๐๐,0
LZQPQhLyRh80UYxNuaDWhIGQYNQ96IuCg-AYWqNPjpU,Niggly Wiggly,2014-11-10 17:39:10,ูููู ูุชุงุจุนุฉ๐๐ฅน๐๐ป,1
LZQPQhLyRh80UYxNuaDWhIGQYNQ96IuCg-AYWqNPjpU,DropItLikeItsSloth,2014-11-11 19:38:11,ูุงููู ุงู ุงููุคุซุฑูู ุงูุณุนูุฏููู ูู ุฃุนุธู ุงูุฃุดูุงุก ูู ุบูุฑุช ุญูุงุชู,0
LZQPQhLyRh80UYxNuaDWhIGQYNQ96IuCg-AYWqNPjpU,Itss Synco,2014-11-11 22:37:23,ุดุงูุฏ ุงูุงู ูุจู ุงูุญุฐู ุฑุฌู ูุฐูุจ ูุงุดูุง ูู ุฌููุจ ุงูุฑูููุง ุงูู ุงุณุชุงุฏ ุงููุงูุฑุฉ,1
LZQPQhLyRh80UYxNuaDWhIGQYNQ96IuCg-AYWqNPjpU,Puppy Lover5614,2014-11-11 22:48:11,ุณููููู ุณููุฌุญู ุณูุดููู ุณูุฑุญูู ุณููุฑุญู ุณูุณุงูุฏู  ุณูุญุจู ุณูุฑุฒูู ููุท ูุฅูู ุงููู..,0
LZQPQhLyRh80UYxNuaDWhIGQYNQ96IuCg-AYWqNPjpU,Mason Sieverding,2014-11-12 0:52:51,ุงููุง  ูุงู ุญุงูู ุงูุณ ุงุณูุง ูู ุงูุงู ูููู ุจูุถู ููุชุฌ  ูุนูุงุฌ ุงูุงูุงู ุงูููุณูู ููุดุฑูู ูุงุฑููุง ุงูุง ุงูุงู ุจุญุงู ุงูุถู ููููู ุดุฑุงุคู ุงูุงู ูู ุงููุชุฌุฑ ูู ุฎูุงู:,1
LZQPQhLyRh80UYxNuaDWhIGQYNQ96IuCg-AYWqNPjpU,Robin Delwiche,2014-11-12 1:37:07,ูุงุตุฑ ูุง ุดุงุก ุงููู ุนููู ูุจุฏุนุ ููุงุชู ู ุงุณููุจู ูููุฒ ูุง ุดุงุก ุงููู ุงููู ูุญูุธู ู ูุณุนุฏู ู ุนุจุฏ ุงููู ูู ุงุดุฎุงุต ุงูู ุงุชุงุจุนูู ู ุงูู ูููุฏูู ุจุดูู ุฌููู ู ุฎุตูุตุง ุงูุจูุฏูุงุณุช ุญูู ูุนุฌุจูู ูุฑุฉุ ููุฉ ุงุฎูุงู ู ุงูุงุจุฏุงุน ูุง ุดุงุก ุงููู ุนููู.,0
LZQPQhLyRh80UYxNuaDWhIGQYNQ96IuCg-AYWqNPjpU,LBEProductions,2014-11-12 1:40:22,ุงุฑุฌูู ุงุฏุฎู ุงูู ููุงุชู ููุง ุชูุณู ุงูุงุนุฌุงุจ ูุงููุดุงุฑูุฉ,1
LZQPQhLyRh80UYxNuaDWhIGQYNQ96IuCg-AYWqNPjpU,Thuan Lai Tran,2014-11-12 5:01:52,ุถุญูุฉ ุฏูุชูุฑ ุญุงุฒู ุจุชูุฑุญ ููุจู ุงูููู ุงุญุดุฑูู ูุนู ู ุงููุฑุฏูุณ ุงูุงุนูู ูู ุงูุฌูู ูุน ุงููุจููู ูุงูุตุฏูููู ูุงูุตุงูุญูู ูุญุณู ุฃููุฆู ุฑูููุง,0
LZQPQhLyRh80UYxNuaDWhIGQYNQ96IuCg-AYWqNPjpU,Aaa Aaa,2014-11-12 5:46:27,ุงููุง ุจู ุงูุง ุฑุฆูุณ ุดุฑูู ูุงูุฏููุงูุฏุฒ ููุฑูุฏู ูู ุนูู ูุจูุบ ูููุชู ุงููุซูุฑ ุงูุฑุฌุงุก ุงูุงุณุฑุงุน ูุงูุชูุงุซู ุนูู ุงูุฑูู ุงูุชุงูู:1231141452,1
LZQPQhLyRh80UYxNuaDWhIGQYNQ96IuCg-AYWqNPjpU,BIGMOFO Tonkatruck,2014-11-12 6:26:42,ุงูููู ุจุงุนุฏ ุจููู ูุจูู ุงูุฅูุชุฆุงุจ ูุนุงูุฌูู ูู ุงูุชูุตูุฑ ูู ุงูุตููุงุช ููุง ุชุจุชูููู ุจูููู ูุง ุฃุชุญูููุง ูุงุฌุนููู ุจูุถูู ูุณุชุฌุงุจ ุงูุฏุนูุงุช ูุง ุฃูุฑู ุงูุฃูุฑููู ูู ูููู ูู ูุงู ุขููู ูุงุฑุจ ุงูุนุงูููู,0
LZQPQhLyRh80UYxNuaDWhIGQYNQ96IuCg-AYWqNPjpU,Young IncoVEVO,2014-11-12 7:14:06,ุงุฑุฌูู ุงุฏุฎู ุงูู ููุงุชู ููุง ุชูุณู ุงูุงุนุฌุงุจ ูุงููุดุงุฑูุฉ,1
LZQPQhLyRh80UYxNuaDWhIGQYNQ96IuCg-AYWqNPjpU,Young IncoVEVO,2014-11-12 7:14:46,ููููู ุงูุงู ูุชุงุจุนู ูุจุงุฑุงุฉ ูุตุฑ ูุงูุฌุฒุงุฆุฑ ุนูู ุงูุฑุงุจุท ุงูุชุงูู:,1
LZQPQhLyRh80UYxNuaDWhIGQYNQ96IuCg-AYWqNPjpU,Viperas Lord,2014-11-12 9:20:12,ุงููุง  ูุงู ุญุงูู ุงูุณ ุงุณูุง ูู ุงูุงู ูููู ุจูุถู ููุชุฌ  ูุนูุงุฌ ุงูุงูุงู ุงูููุณูู ููุดุฑูู ูุงุฑููุง ุงูุง ุงูุงู ุจุญุงู ุงูุถู ููููู ุดุฑุงุคู ุงูุงู ูู ุงููุชุฌุฑ ูู ุฎูุงู:,1
LZQPQhLyRh80UYxNuaDWhIGQYNQ96IuCg-AYWqNPjpU,Yabbamita DBH,2014-11-12 9:30:20,ุญููุฉ ุฌูููุฉ ุฌุฏุงู ูุฑ ููุชูุง ุจุณุฑุนุฉ ููู ุชูู ูููุฉ ูุญูุงูุชูุง ...,0
LZQPQhLyRh80UYxNuaDWhIGQYNQ96IuCg-AYWqNPjpU,Muhd Hafiz,2014-11-12 9:30:31,"
ุฐูุฑูู ุจุชุฌุงุฑุจู 
ุงุนูุงู ุตุนุจุฉ ุจุฏูุงู ูุงูู ู ุฑุงุชุจ ุตุบูุฑ 
ูู ุชุฌุฑุจุฉ ุชุนุทูู ุฏุฑูุณ ูุงุชูุณุงูุง ู ูู ุงุนุธู ูุฐู ุงูุฏุฑูุณ ุงูุชุนุงูู ูุน ูู ุงููุงุน ุงูุจุดุฑ ",0
LZQPQhLyRh80UYxNuaDWhIGQYNQ96IuCg-AYWqNPjpU,Juris Dumagan,2014-11-12 11:03:25,ูุงููู ูุตุฉ ุบููุฉ ุฌุฏุงุงุง ุฌุฏุงุงุง  ุจุงูุฏุฑูุณ .ุจุงูุชูููู ููุณุชูุจูู ูุง ูุงุตุฑ ูู ูุชุงุจุนู ,0
LZQPQhLyRh80UYxNuaDWhIGQYNQ96IuCg-AYWqNPjpU,Patrick Pernia,2014-11-12 14:17:28,ูุฑุญุจูุงุ ุฃูุง ูุฏูุฑ ุชูุธูู ูู ููููุฏุงู ููุจุญุซ ุญุงูููุง ุนู ููุธููุง ุนุจุฑ ุงูุฅูุชุฑูุช ,1
LZQPQhLyRh80UYxNuaDWhIGQYNQ96IuCg-AYWqNPjpU,Jennifer Isaksen,2014-11-12 15:12:47,ุงูุซุฑ ุซููู ูุง ููุช ูุชููุนู ุฑุญ ูุฌุชูุนูู ,0
LZQPQhLyRh80UYxNuaDWhIGQYNQ96IuCg-AYWqNPjpU,Ripazha Gaming,2014-11-12 17:37:08,ุงูุชูุช ุจุทุงูุชู ุงูุงุชูุงููู ููููู ุงูุชุญุฏูุซ ุงูุงู ูู ุฎูุงู ุงูุฑุงุจุท ุงูุชุงูู:,1
LZQPQhLyRh80UYxNuaDWhIGQYNQ96IuCg-AYWqNPjpU,Arthur Teixeira,2014-11-12 20:12:47,ุงูููู ุงูููุง ุจุญูุงูู ุนู ุญุฑุงูู ูุงุบููุง ุจูุถูู ุนูู ุณูุงู,0
LZQPQhLyRh80UYxNuaDWhIGQYNQ96IuCg-AYWqNPjpU,derrick lawson,2014-11-12 20:21:27,ุงุญุฐุฑ ุฌูุงุฒู ูููุก ุจุงูููุฑูุณุงุช ุงุถุบุท ููุง ุงูุงู ูุงุตูุงุญู,1
LZQPQhLyRh80UYxNuaDWhIGQYNQ96IuCg-AYWqNPjpU,Yeung Marvin,2014-11-12 23:56:54,ุงูููู ุขุชูุง ูู ุงูุฏููุง ุญุณูุฉ ููู ุงูุขุฎุฑุฉ ุญุณูุฉ ูููุง ุนุฐุงุจ.,0
LZQPQhLyRh80UYxNuaDWhIGQYNQ96IuCg-AYWqNPjpU,Stuart Mcdonald,2014-11-13 0:38:14,ูุฑุญุจูุงุ ุฃูุง ูุฏูุฑ ุชูุธูู ูู ููููุฏุงู ููุจุญุซ ุญุงูููุง ุนู ููุธููุง ุนุจุฑ ุงูุฅูุชุฑูุช ,1
LZQPQhLyRh80UYxNuaDWhIGQYNQ96IuCg-AYWqNPjpU,Caius Ballad,2014-11-13 0:58:20,ุณุจุญุงู ุงููู ููู ูุจููุ ูุน ุงูู ุชูู ุงุชุงุจุนู ูุนุฑูุชู ูู ูุฐู ุงูุญููุฉ ูุฑุญุช ุงุฏูุฑ ููุงุชู ูุดุงุกููู ุนููู ูุจุฏุน,0
LZQPQhLyRh80UYxNuaDWhIGQYNQ96IuCg-AYWqNPjpU,Ink Video Shorts,2014-11-13 2:33:53,ุงุฑุฌูู ุงุฏุฎู ุงูู ููุงุชู ููุง ุชูุณู ุงูุงุนุฌุงุจ ูุงููุดุงุฑูุฉ,1
LZQPQhLyRh80UYxNuaDWhIGQYNQ96IuCg-AYWqNPjpU,Sigaraya Nesora,2014-11-13 6:33:21,ุฅูุณุงู ูุงุดุงุก ุงููู ูุงููู ูููุฏ ููู ุงูุงูุฌุงุจูุฉ ูู ูุงู ูู ูุงุณ ูุซูู ูุตุงุฑ ุงูุนุงูู ุงุฎูู,0
LZQPQhLyRh80UYxNuaDWhIGQYNQ96IuCg-AYWqNPjpU,ะะปะตะบัะฐะฝะดั ะคะตะดะพัะพะฒ,2014-11-13 7:59:33,ุงุญุฐุฑ ุฌูุงุฒู ูููุก ุจุงูููุฑูุณุงุช ุงุถุบุท ููุง ุงูุงู ูุงุตูุงุญู,1
LZQPQhLyRh80UYxNuaDWhIGQYNQ96IuCg-AYWqNPjpU,ArioseRose,2014-11-13 15:20:31,ุญุฑููุง ุฃูุถู ุงุซููู ููุฏููู ูุญุชูู ุจุงููุณุจุฉ ูู ูุงุฐู ุงููุชุฑุฉ,0
LZQPQhLyRh80UYxNuaDWhIGQYNQ96IuCg-AYWqNPjpU,The Silent Troll Defuser HD,2014-11-13 15:47:27,ูุฑุญุจูุงุ ุฃูุง ูุฏูุฑ ุชูุธูู ูู ููููุฏุงู ููุจุญุซ ุญุงูููุง ุนู ููุธููุง ุนุจุฑ ุงูุฅูุชุฑูุช ,1
LZQPQhLyRh80UYxNuaDWhIGQYNQ96IuCg-AYWqNPjpU,Tom Hosford,2014-11-13 17:42:06,ูู ุงุฌูู ุงูุญููุงุช ูุงุฌูู ุงูุงุดุฎุงุต ุงูู ุงุฌุชูุนูุง ุ ุฌุงูุณู ุงุชุงุจุน ุงูุญููู ูุงูุงุจุชุณุงูุฉ ุดุงูู ูุฌูู ุญููุฉ ุฌูููุฉ ุฌุฏุง ุฌุฏุง ูุงู ุดุงุก ุงููู ูุง ูููู ุงุฎุฑ ููุงุก ุชุณูููู ุณูุง ูููุชุธุฑ ุงููุงุฏู ุงูุงุฌูู,0
LZQPQhLyRh80UYxNuaDWhIGQYNQ96IuCg-AYWqNPjpU,Tofik Miedzyล,2014-11-13 21:48:26,ุงููุง ุจู ุงูุง ุฑุฆูุณ ุดุฑูู ูุงูุฏููุงูุฏุฒ ููุฑูุฏู ูู ุนูู ูุจูุบ ูููุชู ุงููุซูุฑ ุงูุฑุฌุงุก ุงูุงุณุฑุงุน ูุงูุชูุงุซู ุนูู ุงูุฑูู ุงูุชุงูู:1231141452,1
LZQPQhLyRh80UYxNuaDWhIGQYNQ96IuCg-AYWqNPjpU,MrValentinique,2014-11-13 22:33:31,ุงุฑุฌูู ุงุฏุฎู ุงูู ููุงุชู ููุง ุชูุณู ุงูุงุนุฌุงุจ ูุงููุดุงุฑูุฉ,1
LZQPQhLyRh80UYxNuaDWhIGQYNQ96IuCg-AYWqNPjpU,Ghazi Rizvi,2014-11-13 23:02:09,ุงุญุฐุฑ ุฌูุงุฒู ูููุก ุจุงูููุฑูุณุงุช ุงุถุบุท ููุง ุงูุงู ูุงุตูุงุญู,1
LZQPQhLyRh80UYxNuaDWhIGQYNQ96IuCg-AYWqNPjpU,Anthony1SV,2014-11-14 0:01:37,ุงุฏุฎู ุนูู ุงูุจุซ ุงููุจุงุดุฑ ุงูุงู๐๐,1
LZQPQhLyRh80UYxNuaDWhIGQYNQ96IuCg-AYWqNPjpU,Ameenk Chanel,2014-11-14 11:50:02,ุงูุชูุช ุจุทุงูุชู ุงูุงุชูุงููู ููููู ุงูุชุญุฏูุซ ุงูุงู ูู ุฎูุงู ุงูุฑุงุจุท ุงูุชุงูู:,1
LZQPQhLyRh80UYxNuaDWhIGQYNQ96IuCg-AYWqNPjpU,Brandon Wilson,2014-11-14 12:21:52,ูุงููู ุงูู ุญุจูุช ูุฐุง ุงูุฑุฌุงู ุงููุจุฏุน ูู ูู ููุจู ูุงูู ูุนูุง ูุนูุฏ ูู ุงูููุณ ุงูุทููุญ ุดูุฑุง ูู ุงุนูุงู ููุจู,0
LZQPQhLyRh80UYxNuaDWhIGQYNQ96IuCg-AYWqNPjpU,Leonel Hernandez,2014-11-14 12:35:38,ูุงุตุฑ ุบูุฑูู ุฌุฐุฑูุงู ุ ูุง ุงูุณุงู ูู ุงูุฏุนูุงุช ูู ุธูุฑ ุงูุบูุจ ุงุจุฏุงู ุงููู ูุฌุฒุงุก ุนูู ุฎูุฑ ุงูุฌุฒุงุก ููุฑุฒูู ุงุถุนุงู ุงุถุนุงู ุฐูู,0
LZQPQhLyRh80UYxNuaDWhIGQYNQ96IuCg-AYWqNPjpU,InterGaming,2014-11-14 13:16:24,ูู ุงุญุณู ุงููููุงุช ุงูู ุนููุช ูุณุงุนุฏุช ุงููุงุญุฏ ุนูู ุงูุชุบูุฑ ูุชุฌุงุฑุจ ูุงุฒู ูุชุนูู ูููุง ูุชุณุชููุฏ ูููุง ุงุดูุงุก ูุซูุฑุฉ ,0
LZQPQhLyRh80UYxNuaDWhIGQYNQ96IuCg-AYWqNPjpU,Carmen Racasanu,2014-11-14 13:27:52,ุงูุญุจ ููุณ ููุงุดุฎุงุต ุงูุฐูู ูุญุจูู ุจู ููู ูุณุชุญู ูุฐู ุงููุญุจู,0
LZQPQhLyRh80UYxNuaDWhIGQYNQ96IuCg-AYWqNPjpU,diego mogrovejo,2014-11-14 13:28:08,ุงูุช ููุงุตุฑ ู ุงูููุจ ูุงููู ุจุงุฑู ุงููู ูููู ูุฌุฒุงูู ุงููู ูู ุฎูุฑ,0
LZQPQhLyRh80UYxNuaDWhIGQYNQ96IuCg-AYWqNPjpU,BlueYetiPlayz -Call Of Duty and More,2015-05-23 13:04:32,ููุญุตูู ุนูู ุงูููู ูุฌุงูุง ุงุถุบุท ุนูู ุงูุฑุงุจุท ุงูุชุงูู ุงูุงู,1
LZQPQhLyRh80UYxNuaDWhIGQYNQ96IuCg-AYWqNPjpU,Photo Editor,2015-06-05 14:14:48,ุดุงูุฏ ุงูุงู ูุจู ุงูุญุฐู ุฑุฌู ูุฐูุจ ูุงุดูุง ูู ุฌููุจ ุงูุฑูููุง ุงูู ุงุณุชุงุฏ ุงููุงูุฑุฉ,1
LZQPQhLyRh80UYxNuaDWhIGQYNQ96IuCg-AYWqNPjpU,Ray Benich,2015-06-05 18:05:16,ุณุจุญุงู ุงููู ุงูุญููุฉ ุฌุงุช ูู ููุชูุง ุงูุง ุญุฑููุง ุงูุฑ ุจููุณ ุงูุงุญุชุฑุงู ุงููุธููู ููุงููุช ูุงูู ูุด ุงูู ุงูุฑุจูู ุดูุฑุง ุนูู ุงูุญููุฉ,0